location,day,meal,zone,dish,ingredients
Latitude (treated as Dining Commons),Monday,Breakfast,Red,Congee Rice Porridge,"Vegetable broth (Tap water, Liquid Vegetable Soup Base (tomato juice from concentrate, salt, yeast extract, sugar, potato starch, contains 2% or less of carrot extract, natural flavors)), Tap Water, Dried Broken Grain White Calrose Rice, Coarse Flake Kosher Salt (salt, yellow prussiate of soda), Sesame Oil, Ground White Pepper"
Latitude (treated as Dining Commons),Monday,Breakfast,Yellow,Egg Bhurji Sandwich,"Texas toast bread (unbleached enriched flour [wheat flour, malted barley flour, niacin, iron, thiamin mononitrate, riboflavin, folic acid], water, high fructose corn syrup, yeast. contains 2% or less of soybean oil, salt, wheat gluten, spices [turmeric, paprika], natural flavor, calcium propionate [preservative], potassium sorbate [preservative], wheat starch, enzymes, ascorbic acid), Liquid Whole Eggs (cage-free whole eggs, citric acid), 1/4in Diced Yellow Onions, 1/4in Diced Tomatoes, Canola and Olive Oil Blend 75/25 (75% canola oil, 25% extra virgin olive oil), Heavy Duty Mayonnaise (soybean oil, water, corn syrup, egg yolks, distilled vinegar. Contains less than 2% of salt, mustard seed, calcium disodium EDTA), Fresh Fine Chopped Cilantro, Dried Ancho Chili Powder, Minced Peeled Garlic Cloves, Chopped Ginger, Whole Cumin Seeds, Garam Masala (spices, turmeric, canola oil), Coarse Flake Kosher Salt (salt, yellow prussiate of soda), Ground Turmeric"
Latitude (treated as Dining Commons),Monday,Breakfast,Blue,Challah French Toast,"22oz challah maxs bread (enriched unbleached flour [wheat flour, malted barley flour, niacin, reduced iron, thiamin mononitrate, riboflavin, folic acid], water, sugar, eggs, yeast. contains 2% or less of extra virgin olive oil, canola oil, sea salt, datem, soybean oil, enzymes, ascorbic acid, l-cysteine hydrochloride, calcium sulfate, wheat starch), Heavy Whipping Cream (heavy cream. Contains less than 1% of carrageenan, mono- and diglycerides, polysorbate 80), Whole Strawberries, Liquid Whole Eggs (cage-free whole eggs, citric acid), Pure Maple Syrup, Vanilla Extract (water, vanilla bean extractives, alcohol), Ground Cinnamon, Dried Ground Allspice, Coarse Flake Kosher Salt (salt, yellow prussiate of soda), Oil Pan Coating (canola oil, sunflower lecithin)"
Latitude (treated as Dining Commons),Monday,Breakfast,Blue,Plain Greek Yogurt,"Plain greek yogurt (cultured pasteurized grade a nonfat milk, cream)"
Latitude (treated as Dining Commons),Monday,Breakfast,Blue,Turkish Cardamom Pistachio Yogurt,"Plain greek yogurt (cultured pasteurized grade a nonfat milk, cream), Whole Shelled Pistachios, Extra Virgin Olive Oil, Frozen Lemon Zest, Dried Ground Cardamom (cardamom)"
Latitude (treated as Dining Commons),Monday,Breakfast,Blue,Chai Spiced Yogurt,"Plain greek yogurt (cultured pasteurized grade a nonfat milk, cream), Whole Milk, Vanilla Extract (water, vanilla bean extractives, alcohol), Ground Cinnamon, Vegan Fine Granulated White Sugar, Dried Ground Ginger (ginger, sulfur dioxide. Per manufacturer, contains sulfites), Dried Ground Cardamom (cardamom), Ground Nutmeg, Ground Coriander"
Latitude (treated as Dining Commons),Monday,Breakfast,Blue,Fresh Fruit Salad,"Fresh fruit salad (pineapple, grape, melon) (cantaloupe, honeydew, pineapple, grapes)"
Latitude (treated as Dining Commons),Monday,Lunch,Red,Guatemalan Mixta,"Miller hot dog frank (4/1 6in beef miller hot dog (beef, water, 2% or less of mustard, sea salt, natural flavors, oleoresin of paprika, sugar, potassium lactate, sodium phosphate, sodium diacetate, sodium ascorbate, sodium nitrite)), roasted house salsa (Russell ranch tomatoes (Whole roma tomatoes), Fresh Whole Green Jalapeno Peppers, Whole Peeled Yellow Onions, Fresh Whole Fresno Red Peppers, Whole Peeled Garlic Cloves, Canola Salad Oil, Fresh Whole Habanero Peppers, Fresh Cilantro Sprigs, Iodized Granulated Salt (salt, sodium silicoaluminate, dextrose, potassium iodine, sodium bicarbonate)), Guacamole Southwestern (Hass avocado, tomato puree [tomatillo, citric acid, sodium benzoate], onion, brined Jalapeno puree [Jalapeno pepper, water, salt, acetic acid], salt, dehydrated red bell pepper, dehydrated garlic, dehydrated onion, sugar, citric acid, dehydrated cilantro), 4.5in White Corn Tortillas (water, stone ground corn masa flour, stone ground fresh corn. Contains less than 2% of cellulose gum, fumaric acid, potassium sorbate, calcium propionate, propionic acid, phosphoric acid, guar gum, sorbic acid, trace of lime), Shredded Red and Green Cabbage 50/50, 1/4in Diced Red Onions, Whole Queso Fresco Cheese (pasteurized grade A milk, sea salt, enzymes), Yellow Mustard (distilled vinegar, water, mustard seed, salt, turmeric, paprika, spice, natural flavor, garlic powder)"
Latitude (treated as Dining Commons),Monday,Lunch,Red,Minestrone Soup,"Minestrone soup (daylight) (water, carrots, diced tomatoes [vine-ripened fresh tomatoes, tomato juice, salt, calcium chloride, citric acid], tomato paste [vine-ripened fresh tomatoes, citric acid], onions, peas, zucchini, red potatoes, celery, white beans, macaroni [semolina [wheat], niacin, iron [ferrous sulfate], thiamin mononitrate, riboflavin, and folic acid], sea salt, canola oil, cultured dextrose, garlic, black pepper, thyme, oregano)"
Latitude (treated as Dining Commons),Monday,Lunch,Red,Miso Soup with Tofu,
Latitude (treated as Dining Commons),Monday,Lunch,Red,Chicken Tikka Masala Soup,
Latitude (treated as Dining Commons),Monday,Lunch,Yellow,Gatsby Sandwich,"6"" rustic filone hoagie (enriched flour [wheat flour, malted barley flour, niacin, reduced iron, thiamin mononitrate, riboflavin, folic acid], water, enriched durum flour [niacin, ferrous sulfate, thiamin mononitrate, riboflavin, folic acid], enriched bleached flour [wheat flour, malted barley flour, niacin, reduced iron, thiamin mononitrate, riboflavin, folic acid]. contains 2% or less of salt, yeast, gum arabic, malt flour, guar gum, fermented rye flour, soybean oil, enzymes, dextrose, artificial flavor, ascorbic acid, l-cysteine. per manufacturer, may contain dairy, soy, and tree nuts), Fresh Thin Sliced Choice Beef Tri-Tip, 3/8in Frozen Coated Skin On Potatoes (potatoes, vegetable oil [soybean, canola, cottonseed, and/or sunflower], modified food starch. Contains less than 2% of dextrose, sodium acid pyrophosphate, sodium bicarbonate, rice flour, salt, xanthan gum, disodium dihydrogen pyrophosphate), peri peri sauce (Canned roasted whole red peppers (roasted peppers, water, sea salt, citric acid), Fresh Cilantro Sprigs, Canola and Olive Oil Blend 90/10 (canola oil, extra virgin olive oil), Bottled Lemon Juice, Minced Peeled Garlic Cloves, Fresh Whole Habanero Peppers, Fresh Basil Leaves, Coarse Flake Kosher Salt (salt, yellow prussiate of soda), Smoked Paprika (paprika, silicon dioxide)), Fancy Ketchup (tomato concentrate, distilled vinegar, high fructose corn syrup, corn syrup, salt, spice, onion powder, natural flavoring), Shredded Iceberg Lettuce, Canola Salad Oil, Rice Bran Fryer Oil (NGMO rice bran oil, RDW), Coarse Flake Kosher Salt (salt, yellow prussiate of soda)"
Latitude (treated as Dining Commons),Monday,Lunch,Blue,Fettuccine Al Burro,"Frozen fettucine noodle (water, enriched durum semolina [durum semolina wheat flour, niacin, ferrous sulfate, thiamin mononitrate, riboflavin, folic acid]), Unsalted Butter (pasteurized cream, natural flavoring), Shaved Parmesan Cheese, Tap Water, Coarse Ground Black Pepper, Coarse Flake Kosher Salt (salt, yellow prussiate of soda)"
Latitude (treated as Dining Commons),Monday,Lunch,Blue,Garlic Loaf,"Parbaked roast garlic bread loaf (unbleached enriched flour [wheat flour, malted barley flour, niacin, reduced iron, thiamin mononitrate, riboflavin, folic acid], water, sour culture, roasted garlic, extra virgin olive oil, salt, garlic, semolina, olive oil, wheat germ, yeast, black pepper)"
Latitude (treated as Dining Commons),Monday,Lunch,Green,Mapo Chicken,
Latitude (treated as Dining Commons),Monday,Lunch,Green,Jasmine Rice,"Tap water, Dried White Jasmine Rice"
Latitude (treated as Dining Commons),Monday,Lunch,Green,Stir-Fried Broccolini,
Latitude (treated as Dining Commons),Monday,Lunch,Green,Baklava,"Baklava (fillo dough [enriched wheat flour, malted barley flour {niacin, thiamin, reduced iron, riboflavin, folic acid}, water, corn starch, monoglycerides, soybean oil, salt, sodium propionate, potassium sorbate, sugar, water, tree nuts [almonds and walnuts]. contains 2% or less of butter, cinnamon, corn syrup, lemon juice concentrate, rosewater, vegetable shortening. per manufacturer, may contain shell fragments)"
Latitude (treated as Dining Commons),Monday,Lunch,Green,Double Chocolate Cake,"Frozen double chocolate cake (sugar, enriched bleached flour [wheat flour, niacin, iron, thiamin mononitrate, riboflavin, folic acid], water, vegetable oil [soybean, palm], skim milk, high fructose corn syrup, eggs, corn syrup, cocoa processed with alkali. contains 2% or less of chocolate processed with alkali, mono- and diglycerides, corn starch, salt, modified corn starch, vanillin, leavening [baking soda, sodium aluminum phosphate, monocalcium phosphate], sodium alginate, gums [arabic, gellan, xanthan], polysorbate 60, lactylic esters of fatty acids, soy lecithin, propylene glycol alginate, potassium sorbate)"
Latitude (treated as Dining Commons),Monday,Dinner,Red,Bol Cubano al Mojo,"Mojo pork butt (Fresh boneless pork butt, 5:1 Orange Juice Concentrate (concentrated orange juice), Lard, Bottled Lime Juice, Whole Peeled Garlic Cloves, Coarse Flake Kosher Salt (salt, yellow prussiate of soda), Dried Mediterranean Oregano Leaves, Coarse Ground Black Pepper), frijoles negros cubanos (Canned black beans (prepared black beans, water, salt, calcium chloride, ferrous gluconate), Tap Water, 1/2in Diced Red Onions, 1/2in Diced Red Bell Peppers, Sliced Green Manzanilla Olives (Manzanilla olives, water, salt, citric acid, sodium benzoate, potassium sorbate, ascorbic acid), White Cooking Wine (wine, water, neutral spirits, salt, tartaric acid, citric acid, potassium sorbate, potassium metabisulfite, caramel color), Extra Virgin Olive Oil, Fresh Whole Serrano Peppers, Minced Peeled Garlic Cloves, Bottled Lime Juice, Coarse Flake Kosher Salt (salt, yellow prussiate of soda), Ground Cumin, Dried Mexican Oregano Leaves, Coarse Ground Black Pepper, Whole Bay Leaves), Frozen Sliced Plantains (plantains, vegetable oil [soybean or palm oil]), Frozen Precooked Yucca Fries (cassava. salt), green chile salsa (1/4in diced pasilla peppers, Canola Salad Oil, Fresh Cilantro Sprigs, 1/4in Diced Red Onions, Bottled Lime Juice, Whole Peeled Garlic Cloves, Iodized Granulated Salt (salt, sodium silicoaluminate, dextrose, potassium iodine, sodium bicarbonate)), Rice Bran Fryer Oil (NGMO rice bran oil, RDW), Citrus Mix Micro Greens"
Latitude (treated as Dining Commons),Monday,Dinner,Yellow,Samosa with Chutney,"Vegetable samosas (samosa filling: potato, peas, spices, expeller pressed canola oil, salt, tapioca starch, ginger, oleoresin asafoetida. samosa crust: wheat flour, water, expeller pressed canola oil, rice syrup, grape juice, salt, baking powder [corn starch, sodium acid pyrophosphate, sodium bicarbonate, monocalcium phosphate], expeller pressed canola oil), Tomato Chutney (tomatoes, tomato paste, sugar, water, white vinegar, garlic, ginger, Jalapeño peppers, canola oil, salt, spices), cilantro chutney (Tap water, Fresh Cilantro Sprigs, Dairy Free Multi-Purpose Cream (water, vegetable oil [high oleic canola and/or high oleic sunflower], rice syrup, whole brown rice. Contains less than 2% of maltodextrin, dipotassium phosphate, pea protein, calcium carbonate, sunflower lecithin, tapioca starch, cellulose gum, natural flavor, salt, rice extract, xanthan gum), Chopped Ginger, Fresh Whole Serrano Peppers, Bottled Lemon Juice, Bottled Lime Juice, Coarse Flake Kosher Salt (salt, yellow prussiate of soda), chaat masala spice blend (Whole cumin seeds, Dried Whole Black Peppercorns, Amchur (Dried Mango Powder) (dehydrated unripe mango, silicon dioxide), Coarse Flake Kosher Salt (salt, yellow prussiate of soda), Hing (Asafoetida Powder) (gum arabic, wheat starch, Asafoetida)), Vegan Fine Granulated White Sugar, Minced Peeled Garlic Cloves, Whole Cumin Seeds, Coarse Ground Black Pepper)"
Latitude (treated as Dining Commons),Monday,Dinner,Blue,Fettuccine Al Burro,"Frozen fettucine noodle (water, enriched durum semolina [durum semolina wheat flour, niacin, ferrous sulfate, thiamin mononitrate, riboflavin, folic acid]), Unsalted Butter (pasteurized cream, natural flavoring), Shaved Parmesan Cheese, Tap Water, Coarse Ground Black Pepper, Coarse Flake Kosher Salt (salt, yellow prussiate of soda)"
Latitude (treated as Dining Commons),Monday,Dinner,Blue,Garlic Loaf,"Parbaked roast garlic bread loaf (unbleached enriched flour [wheat flour, malted barley flour, niacin, reduced iron, thiamin mononitrate, riboflavin, folic acid], water, sour culture, roasted garlic, extra virgin olive oil, salt, garlic, semolina, olive oil, wheat germ, yeast, black pepper)"
Latitude (treated as Dining Commons),Monday,Dinner,Green,Soy-Glazed Chicken,
Latitude (treated as Dining Commons),Monday,Dinner,Green,Jasmine Rice,"Tap water, Dried White Jasmine Rice"
Latitude (treated as Dining Commons),Monday,Dinner,Green,Stir-Fried Kale,
Latitude (treated as Dining Commons),Monday,Dinner,Green,Baklava,"Baklava (fillo dough [enriched wheat flour, malted barley flour {niacin, thiamin, reduced iron, riboflavin, folic acid}, water, corn starch, monoglycerides, soybean oil, salt, sodium propionate, potassium sorbate, sugar, water, tree nuts [almonds and walnuts]. contains 2% or less of butter, cinnamon, corn syrup, lemon juice concentrate, rosewater, vegetable shortening. per manufacturer, may contain shell fragments)"
Latitude (treated as Dining Commons),Monday,Dinner,Green,Double Chocolate Cake,"Frozen double chocolate cake (sugar, enriched bleached flour [wheat flour, niacin, iron, thiamin mononitrate, riboflavin, folic acid], water, vegetable oil [soybean, palm], skim milk, high fructose corn syrup, eggs, corn syrup, cocoa processed with alkali. contains 2% or less of chocolate processed with alkali, mono- and diglycerides, corn starch, salt, modified corn starch, vanillin, leavening [baking soda, sodium aluminum phosphate, monocalcium phosphate], sodium alginate, gums [arabic, gellan, xanthan], polysorbate 60, lactylic esters of fatty acids, soy lecithin, propylene glycol alginate, potassium sorbate)"
Latitude (treated as Dining Commons),Tuesday,Breakfast,Red,Tosta Mista,"Presliced deli smoked ham (ham. cured with water, salt, sugar, dextrose, sodium phosphates, sodium erythorbate, sodium nitrite), 6"" Rustic Filone Hoagie (enriched flour [wheat flour, malted barley flour, niacin, reduced iron, thiamin mononitrate, riboflavin, folic acid], water, enriched durum flour [niacin, ferrous sulfate, thiamin mononitrate, riboflavin, folic acid], enriched bleached flour [wheat flour, malted barley flour, niacin, reduced iron, thiamin mononitrate, riboflavin, folic acid]. Contains 2% or less of salt, yeast, gum arabic, malt flour, guar gum, fermented rye flour, soybean oil, enzymes, dextrose, artificial flavor, ascorbic acid, L-cysteine. Per manufacturer, may contain dairy, soy, and tree nuts), Presliced Monterey Jack Cheese (pasteurized milk, cheese cultures, salt, enzymes), Liquid Whole Eggs (cage-free whole eggs, citric acid), Unsalted Butter (pasteurized cream, natural flavoring), Fresh Oregano Sprigs"
Latitude (treated as Dining Commons),Tuesday,Breakfast,Red,Congee Rice Porridge,"Vegetable broth (Tap water, Liquid Vegetable Soup Base (tomato juice from concentrate, salt, yeast extract, sugar, potato starch, contains 2% or less of carrot extract, natural flavors)), Tap Water, Dried Broken Grain White Calrose Rice, Coarse Flake Kosher Salt (salt, yellow prussiate of soda), Sesame Oil, Ground White Pepper"
Latitude (treated as Dining Commons),Tuesday,Breakfast,Blue,Plain Greek Yogurt,"Plain greek yogurt (cultured pasteurized grade a nonfat milk, cream)"
Latitude (treated as Dining Commons),Tuesday,Breakfast,Blue,Turkish Cardamom Pistachio Yogurt,"Plain greek yogurt (cultured pasteurized grade a nonfat milk, cream), Whole Shelled Pistachios, Extra Virgin Olive Oil, Frozen Lemon Zest, Dried Ground Cardamom (cardamom)"
Latitude (treated as Dining Commons),Tuesday,Breakfast,Blue,Chai Spiced Yogurt,"Plain greek yogurt (cultured pasteurized grade a nonfat milk, cream), Whole Milk, Vanilla Extract (water, vanilla bean extractives, alcohol), Ground Cinnamon, Vegan Fine Granulated White Sugar, Dried Ground Ginger (ginger, sulfur dioxide. Per manufacturer, contains sulfites), Dried Ground Cardamom (cardamom), Ground Nutmeg, Ground Coriander"
Latitude (treated as Dining Commons),Tuesday,Breakfast,Blue,Fresh Fruit Salad,"Fresh fruit salad (pineapple, grape, melon) (cantaloupe, honeydew, pineapple, grapes)"
Latitude (treated as Dining Commons),Tuesday,Breakfast,Green,Mohinga,"Tap water, Whole Peeled Hard Boiled Eggs (cage-free egg), Fresh Whole Salmon Fillet, Whole Medium Red Onions, Dried 3mm Rice Noodles (rice, water), Fresh Lemongrass, Bottled Lime Juice, Dried White Jasmine Rice, Fish Sauce (anchovy extract, water, salt, fructose, hydrolyzed vegetable oil), Canola and Olive Oil Blend 75/25 (75% canola oil, 25% extra virgin olive oil), Whole Peeled Garlic Cloves, Fresh Whole Limes, Chopped Ginger, Fresh Fine Chopped Cilantro, Coarse Flake Kosher Salt (salt, yellow prussiate of soda), Smoked Paprika (paprika, silicon dioxide), Shaker Ground Black Pepper, Ground Turmeric, Whole Bay Leaves, Ground White Pepper"
Latitude (treated as Dining Commons),Tuesday,Breakfast,Green,Danish Aux Raisins,"Danish aux raisins (white bread flour [water, enriched flour {wheat flour, malted barley flour, niacin, reduced iron, thiamin mononitrate, riboflavin, folic acid}, whole wheat flour, sugar, wheat gluten, yeast, fiber {soy fiber and/or cottonseed fiber}. contains 2% or less of calcium sulfate, salt, calcium carbonate, soybean oil, cultured wheat flour, vinegar, dough conditioners {contains one or more of sodium stearoyl lactylate, calcium stearoyl lactylate, mono- and diglycerides, calcium peroxide, calcium iodate, datem, ethoxylated mono- and diglycerides, azodicarbonamide, enzymes}, guar gum, soy flour, ammonium sulfate, monocalcium phosphate, soy lecithin, niacin, iron {ferrous sulfate}, thiamin hydrochloride, riboflavin, folic acid], margarine [interesterified soybean oil, water, salt. contains 2% or less of mono- and diglycerides, annatto/turmeric {color}, calcium disodium edta {preservative}, artificial flavor, vitamin a palmitate], seedless raisins [sulfur dioxide], whole milk [milk, vitamin d3], custard [milk, heavy cream, sugar, butter, egg yolk, corn starch, vanilla extract, vanilla bean, eggs, sugar, yeast, water, salt, apricot spray glaze {sugar, water, glucose syrup, gelling agents (pectin e440), acidifier (citric acid e330), carrageenan e407, preservative (potassium sorbate e202), acidity corrector (sodium citrate e331), apricot flavor, coloring matters (paprika and turmeric extract), vanilla blend (water, 1.8% ethyl alcohol, propylene glycol, vanillin, pure vanilla extract, caramel color, ethyl vanillin, potassium sorbate [as preservative], potassium hydroxide [acidity regulator], artificial and natural vanilla flavors), egg shade liquid color (water, yellow 5, yellow 6, citric acid, sodium benzoate), nutmeg}])"
Latitude (treated as Dining Commons),Tuesday,Breakfast,Green,Apricot Danish Stick,"Apricot danish stick (puff dough [unbleached wheat flour {wheat flour, malted barley flour, niacin, iron, thiamin mononitrate, riboflavin, folic acid}, water, pure soybean shortening {nontrans interesterified soybean oil and soybean oil, water, salt, vegetable mono- and diglycerides, lecithin, artificial flavor}, unsalted butter, salt], apricot filling [high fructose corn syrup, water, apricots {preserved with sulfur dioxide}, modified food starch, contains 2% or less of sugar, gellan gum blend {sodium citrate, sugar, gellan gum}, citric acid, salt, sodium benzoate, sodium propionate, potassium sorbate, natural flavor, dicalcium phosphate, phosphoric acid, sodium hexametaphosphate, yellow 5, yellow 6], water, sugar. per manufacturer, manufactured in a facility that also processes milk, egg, almond, walnut, pecan, coconut, pistachio, macadamia, wheat, peanuts, soy, sesame, and hazelnut)"
Latitude (treated as Dining Commons),Tuesday,Lunch,Red,Pollo de Andino,"Fresh chicken thigh sliced halal, Bottled Lime Juice, Regular Soy Sauce (water, soybeans, wheat, salt. Contains less than 1% of sodium benzoate), Extra Virgin Olive Oil, Coarse Ground Black Pepper, Ground Cumin, Spanish Paprika, Dried Mexican Oregano Leaves"
Latitude (treated as Dining Commons),Tuesday,Lunch,Red,Soyrizo Fajita Mix,"Fresh sliced peppers and onions (fajita mix), Soy Chorizo Sausage Crumbles (water, organic textured soy protein [soy flour], organic soybean oil, organic distilled vinegar, organic seasoning [organic chile pepper, organic spices, salt, organic paprika, organic dextrose, organic Ancho chile powder, organic onion powder, organic garlic powder, sea salt, natural extractives of paprika], salt, organic caramel color, natural extractives of paprika)"
Latitude (treated as Dining Commons),Tuesday,Lunch,Red,Frijoles Sabrosos,"Canned pinto beans (pinto beans, water, salt, calcium chloride, calcium disodium edta), 3/8in Diced Tomatoes, 1/4in Diced Yellow Onions, Whole Peeled Garlic Cloves, Tap Water, Canola Salad Oil, Coarse Flake Kosher Salt (salt, yellow prussiate of soda), Chipotle Peppers in Adobo Sauce (water, tomato paste, dried Chipotle peppers, distilled vinegar, corn oil. Contains 2% or less of iodized salt, potassium iodate, corn starch, onion powder, garlic powder, spices), Dried Mexican Oregano Leaves"
Latitude (treated as Dining Commons),Tuesday,Lunch,Red,Arroz Amarillo Cubano,"Vegetable broth (Tap water, Liquid Vegetable Soup Base (tomato juice from concentrate, salt, yeast extract, sugar, potato starch, contains 2% or less of carrot extract, natural flavors)), Dried White Long Grain Rice, 1/4in Diced Yellow Onions, 1/2in Diced Red Bell Peppers, Minced Peeled Garlic Cloves, Extra Virgin Olive Oil, Coarse Flake Kosher Salt (salt, yellow prussiate of soda), Ground Annatto Seeds (Achiote), Ground Cumin, Dried Dark Chili Powder (chili pepper, spices, salt, silicon dioxide, garlic), Dried Ground Bay Leaves"
Latitude (treated as Dining Commons),Tuesday,Lunch,Red,Flour Tortillas,"10in flour tortillas (enriched bleached flour [wheat flour, niacin, reduced iron, thiamin mononitrate, riboflavin, folic acid], water, soybean oil, vegetable shortening [soybean oil, mono- and diglycerides, vitamin e, vitamin c palmitate], salt, mono- and diglycerides, baking powder [sodium bicarbonate, cornstarch, sodium aluminum sulfate, calcium sulfate, monocalcium phosphate], calcium propionate, wheat gluten, fumaric acid, guar gum, xanthan gum, microcrystalline cellulose, l-cysteine)"
Latitude (treated as Dining Commons),Tuesday,Lunch,Red,Sour Cream,"Sour cream (cultured cream. contains less than 2% of whey, modified corn starch, sodium tripolyphosphate, carrageenan, calcium sulfate, locust bean gum, guar gum, potassium sorbate)"
Latitude (treated as Dining Commons),Tuesday,Lunch,Red,Pico De Gallo,"1/4in pico de gallo (tomatoes, onion, fresh cilantro, jalapeno pepper)"
Latitude (treated as Dining Commons),Tuesday,Lunch,Red,Carrot Spiced Soup,"Carrot spiced soup (vegetarian stock [water, natural vegetarian flavor {water, onion, carrot, celery, salt}], carrot puree, sweet potato, onion, expeller-pressed canola oil, orange juice concentrate, ginger puree, lemon juice, salt, basil, cornstarch, turmeric, cinnamon, cayenne pepper)"
Latitude (treated as Dining Commons),Tuesday,Lunch,Red,Grandma Mary's Chicken Soup,"Grandma mary's chicken soup (daylight) (chicken broth, carrots, celery, parsnip, chicken [chicken, water, salt], egg noodles [durum flour [wheat], eggs, egg whites, niacin, iron [ferrous sulfate], thiamin mononitrate, riboflavin, folic acid], sea salt, dill, cultured dextrose, black pepper)"
Latitude (treated as Dining Commons),Tuesday,Lunch,Yellow,Beef Shawarma,"Frozen precooked sliced gyro beef and lamb (beef, water, breadcrumbs [enriched wheat flour {enriched with niacin, reduced iron, thiamin mononitrate, riboflavin, folic acid}, salt, yeast, sugar, malted barley flour], cereal binder [corn flour, wheat flour and rye flour], methylcellulose, contains less than 2% of seasonings [monosodium glutamate, spices, dehydrated garlic, onion powder, maltodextrin], salt, lamb, soy protein concentrate, yeast extract, sodium phosphate), afghani salad (3/8in diced tomatoes, 1/2in Diced Skin-on Cucumbers, 1/4in Diced Red Onions, Fresh Fine Chopped Cilantro, Bottled Lemon Juice, Coarse Flake Kosher Salt (salt, yellow prussiate of soda), Shaker Ground Black Pepper), basmati rice (Tap water, Dried White Basmati Rice), Naan Bread (unbleached enriched flour [wheat flour, malted barley flour, reduced iron, thiamin mononitrate, niacin, riboflavin, folic acid], filtered water, canola oil, sugar, sea salt, yeast, cultured wheat, baking powder [sodium bicarbonate, sodium acid pyrophosphate, potato starch], enzymes), roasted garlic lemon tahini sauce (Non-fat plain greek yogurt (cultured pasteurized grade a nonfat milk), Tahini Paste (roasted hulled crushed sesame seeds), Bottled Lemon Juice, Whole Milk, garlic mash (Whole peeled garlic cloves, Canola and Olive Oil Blend 90/10 (canola oil, extra virgin olive oil), Iodized Granulated Salt (salt, sodium silicoaluminate, dextrose, potassium iodine, sodium bicarbonate)), Coarse Flake Kosher Salt (salt, yellow prussiate of soda), Fresh Whole Mint Leaves, Shaker Ground Black Pepper, Smoked Paprika (paprika, silicon dioxide)), Shredded Iceberg Lettuce"
Latitude (treated as Dining Commons),Tuesday,Lunch,Yellow,Falafel Plate,"1oz precooked falafel balls (water, chickpeas, parsley, onions, cilantro, serrano peppers, garlic puree [garlic, citric acid, ascorbic acid]. contains 2% or less of salt, spices, rice flour, xanthan gum), afghani salad (3/8in diced tomatoes, 1/2in Diced Skin-on Cucumbers, 1/4in Diced Red Onions, Fresh Fine Chopped Cilantro, Bottled Lemon Juice, Coarse Flake Kosher Salt (salt, yellow prussiate of soda), Shaker Ground Black Pepper), basmati rice (Tap water, Dried White Basmati Rice), Naan Bread (unbleached enriched flour [wheat flour, malted barley flour, reduced iron, thiamin mononitrate, niacin, riboflavin, folic acid], filtered water, canola oil, sugar, sea salt, yeast, cultured wheat, baking powder [sodium bicarbonate, sodium acid pyrophosphate, potato starch], enzymes), Shredded Iceberg Lettuce, Rice Bran Fryer Oil (NGMO rice bran oil, RDW)"
Latitude (treated as Dining Commons),Tuesday,Lunch,Yellow,Basmati Rice,"Tap water, Dried White Basmati Rice"
Latitude (treated as Dining Commons),Tuesday,Lunch,Blue,Bœuf à la Bourguignonne,"Frozen 1in diced beef stew meat, beef broth (Tap water, Liquid Beef Soup Base (beef stock, salt, yeast extract, sugar, natural flavors, beef fat, beef extract, caramel color, potato starch)), Red Cooking Wine (wine, water, neutral spirits, salt, grape skin extract, tartaric acid, citric acid, potassium metabisulfite, potassium sorbate), Parbaked Roast Garlic Bread Loaf (unbleached enriched flour [wheat flour, malted barley flour, niacin, reduced iron, thiamin mononitrate, riboflavin, folic acid], water, sour culture, roasted garlic, extra virgin olive oil, salt, garlic, semolina, olive oil, wheat germ, yeast, black pepper), Sliced Cremini Mushrooms, 3/4in Diced Yellow Onions, Raw 14/16 Sliced Pork Bacon (pork bacon. Cured with water, salt, sugar, sodium phosphate, sodium erythorbate, flavoring, sodium nitrite), Orange Carrot Coins, Unbleached All Purpose Flour (unbleached wheat flour, malted barley flour, niacin, iron, thiamin mononitrate, riboflavin, folic acid), Unsalted Butter (pasteurized cream, natural flavoring), Tomato Paste (vine-ripened tomatoes), Whole Peeled Garlic Cloves, Fresh Thyme Sprigs, Coarse Flake Kosher Salt (salt, yellow prussiate of soda), Fresh Italian Parsley Sprigs, Fresh Italian Parsley Sprigs, Shaker Ground Black Pepper, Coarse Flake Kosher Salt (salt, yellow prussiate of soda), Shaker Ground Black Pepper, Whole Bay Leaves"
Latitude (treated as Dining Commons),Tuesday,Lunch,Blue,Garlic Loaf,"Parbaked roast garlic bread loaf (unbleached enriched flour [wheat flour, malted barley flour, niacin, reduced iron, thiamin mononitrate, riboflavin, folic acid], water, sour culture, roasted garlic, extra virgin olive oil, salt, garlic, semolina, olive oil, wheat germ, yeast, black pepper)"
Latitude (treated as Dining Commons),Tuesday,Lunch,Green,Yaki Udon,"1/4in sliced yellow onions, Fresh Shredded Green Cabbage, Sliced Cremini Mushrooms, Frozen Udon Noodles (wheat flour, tapioca in starch, salt, water), Matchstick Carrots, Oyster Sauce (water, sugar, salt, oyster extractives [oyster, water, salt], modified corn starch, caramel color, sodium benzoate), Superior Dark Soy Sauce (water, soybeans, sugar, salt, wheat flour. Per manufacturer, contains sulfites), Tap Water, Citrus Mix Micro Greens, Dark Brown Sugar, 1/4in Diced Green Onions, Seasoned Rice Wine Vinegar (rice vinegar, invert sugar, salt, water), Sesame Oil, Minced Peeled Garlic Cloves, Chopped Ginger, Cornstarch, Dried Black and White Sesame Seeds"
Latitude (treated as Dining Commons),Tuesday,Dinner,Red,Pollo de Andino,"Fresh chicken thigh sliced halal, Bottled Lime Juice, Regular Soy Sauce (water, soybeans, wheat, salt. Contains less than 1% of sodium benzoate), Extra Virgin Olive Oil, Coarse Ground Black Pepper, Ground Cumin, Spanish Paprika, Dried Mexican Oregano Leaves"
Latitude (treated as Dining Commons),Tuesday,Dinner,Red,Soyrizo Fajita Mix,"Fresh sliced peppers and onions (fajita mix), Soy Chorizo Sausage Crumbles (water, organic textured soy protein [soy flour], organic soybean oil, organic distilled vinegar, organic seasoning [organic chile pepper, organic spices, salt, organic paprika, organic dextrose, organic Ancho chile powder, organic onion powder, organic garlic powder, sea salt, natural extractives of paprika], salt, organic caramel color, natural extractives of paprika)"
Latitude (treated as Dining Commons),Tuesday,Dinner,Red,Frijoles Sabrosos,"Canned pinto beans (pinto beans, water, salt, calcium chloride, calcium disodium edta), 3/8in Diced Tomatoes, 1/4in Diced Yellow Onions, Whole Peeled Garlic Cloves, Tap Water, Canola Salad Oil, Coarse Flake Kosher Salt (salt, yellow prussiate of soda), Chipotle Peppers in Adobo Sauce (water, tomato paste, dried Chipotle peppers, distilled vinegar, corn oil. Contains 2% or less of iodized salt, potassium iodate, corn starch, onion powder, garlic powder, spices), Dried Mexican Oregano Leaves"
Latitude (treated as Dining Commons),Tuesday,Dinner,Red,Arroz de Cilantro,"Vegetable broth (Tap water, Liquid Vegetable Soup Base (tomato juice from concentrate, salt, yeast extract, sugar, potato starch, contains 2% or less of carrot extract, natural flavors)), Dried White Long Grain Rice, Fresh Fine Chopped Cilantro, 1/4in Diced Yellow Onions, Tap Water, Canola Salad Oil, Whole Peeled Garlic Cloves, Coarse Flake Kosher Salt (salt, yellow prussiate of soda), Ground Cumin, Shaker Ground Black Pepper"
Latitude (treated as Dining Commons),Tuesday,Dinner,Red,Flour Tortillas,"10in flour tortillas (enriched bleached flour [wheat flour, niacin, reduced iron, thiamin mononitrate, riboflavin, folic acid], water, soybean oil, vegetable shortening [soybean oil, mono- and diglycerides, vitamin e, vitamin c palmitate], salt, mono- and diglycerides, baking powder [sodium bicarbonate, cornstarch, sodium aluminum sulfate, calcium sulfate, monocalcium phosphate], calcium propionate, wheat gluten, fumaric acid, guar gum, xanthan gum, microcrystalline cellulose, l-cysteine)"
Latitude (treated as Dining Commons),Tuesday,Dinner,Red,Sour Cream,"Sour cream (cultured cream. contains less than 2% of whey, modified corn starch, sodium tripolyphosphate, carrageenan, calcium sulfate, locust bean gum, guar gum, potassium sorbate)"
Latitude (treated as Dining Commons),Tuesday,Dinner,Red,Pico De Gallo,"1/4in pico de gallo (tomatoes, onion, fresh cilantro, jalapeno pepper)"
Latitude (treated as Dining Commons),Tuesday,Dinner,Yellow,Beef Shawarma,"Frozen precooked sliced gyro beef and lamb (beef, water, breadcrumbs [enriched wheat flour {enriched with niacin, reduced iron, thiamin mononitrate, riboflavin, folic acid}, salt, yeast, sugar, malted barley flour], cereal binder [corn flour, wheat flour and rye flour], methylcellulose, contains less than 2% of seasonings [monosodium glutamate, spices, dehydrated garlic, onion powder, maltodextrin], salt, lamb, soy protein concentrate, yeast extract, sodium phosphate), afghani salad (3/8in diced tomatoes, 1/2in Diced Skin-on Cucumbers, 1/4in Diced Red Onions, Fresh Fine Chopped Cilantro, Bottled Lemon Juice, Coarse Flake Kosher Salt (salt, yellow prussiate of soda), Shaker Ground Black Pepper), basmati rice (Tap water, Dried White Basmati Rice), Naan Bread (unbleached enriched flour [wheat flour, malted barley flour, reduced iron, thiamin mononitrate, niacin, riboflavin, folic acid], filtered water, canola oil, sugar, sea salt, yeast, cultured wheat, baking powder [sodium bicarbonate, sodium acid pyrophosphate, potato starch], enzymes), roasted garlic lemon tahini sauce (Non-fat plain greek yogurt (cultured pasteurized grade a nonfat milk), Tahini Paste (roasted hulled crushed sesame seeds), Bottled Lemon Juice, Whole Milk, garlic mash (Whole peeled garlic cloves, Canola and Olive Oil Blend 90/10 (canola oil, extra virgin olive oil), Iodized Granulated Salt (salt, sodium silicoaluminate, dextrose, potassium iodine, sodium bicarbonate)), Coarse Flake Kosher Salt (salt, yellow prussiate of soda), Fresh Whole Mint Leaves, Shaker Ground Black Pepper, Smoked Paprika (paprika, silicon dioxide)), Shredded Iceberg Lettuce"
Latitude (treated as Dining Commons),Tuesday,Dinner,Yellow,Basmati Rice,"Tap water, Dried White Basmati Rice"
Latitude (treated as Dining Commons),Tuesday,Dinner,Blue,Fish and Chips,"4oz beer battered cod filet (cod, water, vegetable oil [canola oil, cottonseed oil, soybean oil], enriched wheat flour [flour, niacin, reduced iron, thiamin mononitrate, riboflavin, folic acid], enriched bleached wheat flour [flour, niacin, reduced iron, thiamin mononitrate, riboflavin, folic acid], yellow corn flour, beer [water, barley malt, rice, hops, yeast]. contains 2% or less of salt, yeast extract, spices, malt syrup [corn syrup, barley, malt extract], garlic powder, tricalcium phosphate, sodium bicarbonate, sodium aluminum phosphate, natural flavor, artificial flavor, maltodextrin, sugar, onion powder, fermented wheat protein, arabic gum, sodium tripolyphosphate), steak fries (Frozen precooked steak cut potatoes (potatoes, vegetable oil [soybean, canola, cottonseed, and/or sunflower], contains less than 2% of dextrose, disodium dihydrogen pyrophosphate [to maintain natural color]), Rice Bran Fryer Oil (NGMO rice bran oil, RDW)), Tartar Sauce (soybean oil, cured cucumber, water, high fructose corn syrup, egg yolks, distilled vinegar. Contains less than 2% of salt, onion, sodium benzoate, potassium sorbate, calcium disodium EDTA, xanthan gum, mustard seed, natural flavors), Fresh Whole Lemons, Rice Bran Fryer Oil (NGMO rice bran oil, RDW)"
Latitude (treated as Dining Commons),Tuesday,Dinner,Green,Nikujaga,"1in diced peeled yukon potatoes, Julienned Yellow Onions, Fresh Thin Sliced Choice Beef Tri-Tip, Tap Water, 1in Diced Carrots, Regular Soy Sauce (water, soybeans, wheat, salt. Contains less than 1% of sodium benzoate), Vegan Fine Granulated White Sugar, Snow Peas, Shaoxing Wine (Chinese Cooking Wine) (water, rice, wheat, salt, caramel), Mirin (Japanese Cooking Wine) (glucose syrup, water, alcohol, rice, corn syrup, salt), Canola Salad Oil, Coarse Flake Kosher Salt (salt, yellow prussiate of soda)"
Latitude (treated as Dining Commons),Wednesday,Breakfast,Red,Pan Con Chicharron,"Tap water, Fresh Pork Belly 1in Cube, 3/4in Diced Peeled Sweet Potatoes, 4.5inx4.5in Sliced Ciabatta Rolls (unbleached enriched flour [wheat flour, malted barley flour, niacin, reduced iron, thiamin mononitrate, riboflavin, folic acid], water, yeast, wheat gluten, fully refined soybean oil, granulated sugar, salt, calcium propionate, malted wheat flour, enzymes, ascorbic acid, enriched wheat flour [wheat flour, niacin, reduced iron, thiamin mononitrate, riboflavin, folic acid]. Contains less than 2% of enzymes), 1/4in Diced Red Bell Peppers, Whole Peeled Shallots, Coarse Flake Kosher Salt (salt, yellow prussiate of soda), Bottled Lime Juice, Fresh Whole Mint Leaves, Chopped Parsley, Rice Bran Fryer Oil (NGMO rice bran oil, RDW), Whole Bay Leaves"
Latitude (treated as Dining Commons),Wednesday,Breakfast,Red,Congee Rice Porridge,"Vegetable broth (Tap water, Liquid Vegetable Soup Base (tomato juice from concentrate, salt, yeast extract, sugar, potato starch, contains 2% or less of carrot extract, natural flavors)), Tap Water, Dried Broken Grain White Calrose Rice, Coarse Flake Kosher Salt (salt, yellow prussiate of soda), Sesame Oil, Ground White Pepper"
Latitude (treated as Dining Commons),Wednesday,Breakfast,Blue,Røkt laks med eggerøre,"Sliced marble rye bread (flour, rye flour, water, caraway seed, yeast, salt, sugar, enzymes, caramel color. per manufacturer, manufactured in a facility that also handles egg, milk, and sesame seeds), Liquid Whole Eggs (cage-free whole eggs, citric acid), Smoked Salmon (Atlantic salmon, salt, cane sugar, spices, hardwood and fruitwood smoke, astaxanthin), Mixed Salad Lettuce, Unsalted Butter (pasteurized cream, natural flavoring), Bottled Lemon Juice, Canola and Olive Oil Blend 75/25 (75% canola oil, 25% extra virgin olive oil), Whole Chives, Coarse Flake Kosher Salt (salt, yellow prussiate of soda), Coarse Ground Black Pepper, Fresh Whole Dill Sprigs"
Latitude (treated as Dining Commons),Wednesday,Breakfast,Blue,Plain Greek Yogurt,"Plain greek yogurt (cultured pasteurized grade a nonfat milk, cream)"
Latitude (treated as Dining Commons),Wednesday,Breakfast,Blue,Turkish Cardamom Pistachio Yogurt,"Plain greek yogurt (cultured pasteurized grade a nonfat milk, cream), Whole Shelled Pistachios, Extra Virgin Olive Oil, Frozen Lemon Zest, Dried Ground Cardamom (cardamom)"
Latitude (treated as Dining Commons),Wednesday,Breakfast,Blue,Chai Spiced Yogurt,"Plain greek yogurt (cultured pasteurized grade a nonfat milk, cream), Whole Milk, Vanilla Extract (water, vanilla bean extractives, alcohol), Ground Cinnamon, Vegan Fine Granulated White Sugar, Dried Ground Ginger (ginger, sulfur dioxide. Per manufacturer, contains sulfites), Dried Ground Cardamom (cardamom), Ground Nutmeg, Ground Coriander"
Latitude (treated as Dining Commons),Wednesday,Breakfast,Blue,Fresh Fruit Salad,"Fresh fruit salad (pineapple, grape, melon) (cantaloupe, honeydew, pineapple, grapes)"
Latitude (treated as Dining Commons),Wednesday,Breakfast,Green,Pineapple Bun,"Pineapple bun (milk bread bun [unbleached wheat flour {wheat flour, malted barley flour, niacin, iron, thiamin mononitrate, riboflavin, folic acid}, milk bread starter {milk, vitamin d3, unbleached wheat flour (wheat flour, malted barley flour, niacin, iron, thiamin mononitrate, riboflavin, folic acid)}, milk, vitamin d3, sugar, butter {cream, natural flavor}, eggs, dry yeast {yeast (saccharomyces cerevisiae), sorbitan monostearate, ascorbic acid}, salt], pineapple topping for milk bread [cake flour {enriched bleached wheat flour (niacin, reduced iron, thiamin mononitrate, riboflavin, folic acid)}, butter {cream, natural flavor}, sugar, wheat flour, dried milk, eggs, evaporated milk {milk, dipotassium phosphate, carrageenan, vitamin d3}, baking powder {sodium bicarbonate, cornstarch, sodium aluminum sulfate, calcium sulfate, monocalcium phosphate}, baking soda, ammonium bicarbonate, turmeric])"
Latitude (treated as Dining Commons),Wednesday,Breakfast,Green,Apple Danish Stick,"Apple danish stick (danish stick dough [unbleached wheat flour {wheat flour, malted barley flour, niacin, iron, thiamin mononitrate, riboflavin, folic acid}, water, unsalted butter, salt], apple cube filling [water, high fructose corn syrup, dehydrated apples {preserved with sodium sulfite}, corn syrup, modified food starch, contains 2% or less of citric acid, preservatives [sodium benzoate, sodium propionate, potassium sorbate, sodium meta-bisulfite], salt, natural flavors, spices, lemon juice concentrate, agar {r11588}], water, sugar)"
Latitude (treated as Dining Commons),Wednesday,Lunch,Red,Salchipapa,"Frozen precooked steak cut potatoes (potatoes, vegetable oil [soybean, canola, cottonseed, and/or sunflower], contains less than 2% of dextrose, disodium dihydrogen pyrophosphate [to maintain natural color]), Sliced Linguiça Sausage (pork, wine vinegar, paprika, contains 2% or less of salt, nonfat milk powder, garlic, sugar, spices, monosodium glutamate, sodium nitrate), Kewpie Mayonnaise (vegetable oil [canola oil, soybean oil], egg yolk, vinegar, salt, monosodium glutamate, spice, natural flavor), Sour Cream (cultured cream. Contains less than 2% of whey, modified corn starch, sodium tripolyphosphate, carrageenan, calcium sulfate, locust bean gum, guar gum, potassium sorbate), Fancy Ketchup (tomato concentrate, distilled vinegar, high fructose corn syrup, corn syrup, salt, spice, onion powder, natural flavoring), Bottled Lime Juice, Canola and Olive Oil Blend 90/10 (canola oil, extra virgin olive oil), Aji Amarillo Powder (dried Aji amarillo chiles, silicon dioxide, anti caking agent), Fancy Ketchup (tomato concentrate, distilled vinegar, high fructose corn syrup, corn syrup, salt, spice, onion powder, natural flavoring), Chopped Parsley, Coarse Flake Kosher Salt (salt, yellow prussiate of soda), Ground White Pepper, Rice Bran Fryer Oil (NGMO rice bran oil, RDW)"
Latitude (treated as Dining Commons),Wednesday,Lunch,Red,Five Bean Chili,"Five bean vegan chili soup (daylight) (water, pinto beans, black beans, kidney beans, carrots, celery, corn, diced tomatoes [vine ripened fresh tomatoes, tomato juice, salt, calcium chloride, citric acid], tomato puree [fresh vine ripened california tomatoes, citric acid], white beans, tomato paste [vine ripened fresh tomatoes, citric acid], red bell pepper, garbanzo beans, onion, pasilla pepper, chipotle sauce [chili peppers, chipotle, natural flavor, salt, citric acid], brown sugar, lemon juice, sea salt, garlic, non-gmo canola oil, smoked paprika, cumin, hickory liquid smoke [water, natural hickory smoke flavor], cultured dextrose, oregano, chili powder, cinnamon)"
Latitude (treated as Dining Commons),Wednesday,Lunch,Red,Mexican Chicken Tortilla Soup,"Mexican chicken tortilla soup (daylight) (chicken broth, tomato puree [tomatoes, tomato puree, citric acid], chicken breast [chicken breast with rib meat, water, potato starch, salt, sugar, granulated garlic, black pepper], corn tortillas [water, stone ground corn masa flour, stone ground fresh corn. contains less than 2% of each of the following: cellulose gum, fumaric acid, potassium sorbate, calcium propionate, propionic acid, phosphoric acid, guar gum, sorbic acid, trace of lime], onion, red bell pepper, tomatoes, cilantro, tomato paste [vine-ripened fresh tomatoes, citric acid], sea salt, basil, jalapeno pepper, canola oil, cumin, hot sauce [aged cayenne red peppers, distilled vinegar, water, salt and garlic powder], cultured dextrose, chili powder, black pepper, oregano)"
Latitude (treated as Dining Commons),Wednesday,Lunch,Yellow,Paneer Tikka Masala,"Paneer (Paneer (pasteurized milk, acetic acid, lactic acid, titanium dioxide [no rennet or pepsin])), 1in Diced Red Bell Peppers, 1in Diced Yellow Onions, Heavy Whipping Cream (heavy cream. Contains less than 1% of carrageenan, mono- and diglycerides, polysorbate 80), Tikka Masala Curry Paste (tomato paste, onions [onions, expeller pressed canola oil], expeller pressed canola oil, ginger, curry paste [garlic, onions, salt, spices], vinegar, garlic, salt, evaporated cane juice, spices, cardamom, Jalapeno, lentil flour, garlic powder, black pepper, cayenne pepper, fruitrim [fruit juice, natural grain dextrin], citric acid, lemon juice, fenugreek leaf, glucono-delta lactone, oleoresin of paprika, celery seeds, ginger powder, onion powder, bay leaf), Tap Water, Canola and Olive Oil Blend 90/10 (canola oil, extra virgin olive oil), Fresh Cilantro Sprigs"
Latitude (treated as Dining Commons),Wednesday,Lunch,Yellow,Basmati Rice,"Tap water, Dried White Basmati Rice"
Latitude (treated as Dining Commons),Wednesday,Lunch,Blue,Pasta Puttanesca,"Pouched diced tomatoes (tomatoes, tomato juice, tomato concentrate, sea salt), Precooked Spaghetti Pasta (water, enriched durum semolina [durum semolina wheat flour, niacin, ferrous sulfate, thiamin mononitrate, riboflavin, folic acid]), Non-Pareil Capers (capers, water, salt, vinegar), Extra Virgin Olive Oil, Pitted Kalamata Olives (pitted Kalamata olives, water, salt, vinegar, extra virgin olive oil. Per manufacturer, may contain pits), Minced Peeled Garlic Cloves, Canned Whole Anchovy Filets in Olive Oil (anchovies, olive oil, salt), Grated Parmesan Cheese (Parmesan cheese [pasteurized part-skim cow's milk, cheese cultures, salt, enzymes], powdered cellulose added to prevent caking, natamycin [a natural mold inhibitor]), Fresh Basil Leaves, Dried Crushed Red Pepper Flakes"
Latitude (treated as Dining Commons),Wednesday,Lunch,Blue,Garlic Loaf,"Parbaked roast garlic bread loaf (unbleached enriched flour [wheat flour, malted barley flour, niacin, reduced iron, thiamin mononitrate, riboflavin, folic acid], water, sour culture, roasted garlic, extra virgin olive oil, salt, garlic, semolina, olive oil, wheat germ, yeast, black pepper)"
Latitude (treated as Dining Commons),Wednesday,Lunch,Green,Xiang là Niúròu,"Fresh thin sliced choice beef tri-tip, spicy cumin paste (Fresh whole serrano peppers, Whole Cumin Seeds), Rice Bran Oil (NGMO rice bran oil, RDW), Tap Water, Oyster Sauce (water, sugar, salt, oyster extractives [oyster, water, salt], modified corn starch, caramel color, sodium benzoate), 1/4in Diced Green Onions, Chopped Ginger, Coarse Flake Kosher Salt (salt, yellow prussiate of soda), Shaker Ground Black Pepper"
Latitude (treated as Dining Commons),Wednesday,Dinner,Red,Salchipapa,"Frozen precooked steak cut potatoes (potatoes, vegetable oil [soybean, canola, cottonseed, and/or sunflower], contains less than 2% of dextrose, disodium dihydrogen pyrophosphate [to maintain natural color]), Sliced Linguiça Sausage (pork, wine vinegar, paprika, contains 2% or less of salt, nonfat milk powder, garlic, sugar, spices, monosodium glutamate, sodium nitrate), Kewpie Mayonnaise (vegetable oil [canola oil, soybean oil], egg yolk, vinegar, salt, monosodium glutamate, spice, natural flavor), Sour Cream (cultured cream. Contains less than 2% of whey, modified corn starch, sodium tripolyphosphate, carrageenan, calcium sulfate, locust bean gum, guar gum, potassium sorbate), Fancy Ketchup (tomato concentrate, distilled vinegar, high fructose corn syrup, corn syrup, salt, spice, onion powder, natural flavoring), Bottled Lime Juice, Canola and Olive Oil Blend 90/10 (canola oil, extra virgin olive oil), Aji Amarillo Powder (dried Aji amarillo chiles, silicon dioxide, anti caking agent), Fancy Ketchup (tomato concentrate, distilled vinegar, high fructose corn syrup, corn syrup, salt, spice, onion powder, natural flavoring), Chopped Parsley, Coarse Flake Kosher Salt (salt, yellow prussiate of soda), Ground White Pepper, Rice Bran Fryer Oil (NGMO rice bran oil, RDW)"
Latitude (treated as Dining Commons),Wednesday,Dinner,Yellow,Ethiopian Stir-fried Beef,"Beef fajita cut halal, Julienned Red Onions, Broccoli Rabe, 3/8in Diced Tomatoes, Canned Crushed Tomatoes (tomatoes, tomato puree, sea salt, citric acid), Ricotta Cheese (whey, milk, vinegar, xanthan gum, locust bean gum, guar gum), 3/8in Sliced Jalapeno Peppers, Rice Bran Oil (NGMO rice bran oil, RDW), Red Wine Vinegar (red wine vinegar, potassium metabisulfite, diluted with water to 5% acidity), Dijon Mustard (distilled white vinegar, mustard seed, water, salt, white wine, citric acid, tartaric acid, fruit pectin, sugar, spices), Chopped Ginger, Berbere (Ethiopian Spice Mix) (spices [including coriander, fennel, fenugreek, ajowan], paprika, salt, citric acid), Unsalted Clarified Butter (pasteurized cream), Berbere (Ethiopian Spice Mix) (spices [including coriander, fennel, fenugreek, ajowan], paprika, salt, citric acid), Whole Peeled Garlic Cloves, Berbere (Ethiopian Spice Mix) (spices [including coriander, fennel, fenugreek, ajowan], paprika, salt, citric acid), Coarse Flake Kosher Salt (salt, yellow prussiate of soda), Fresh Cilantro Sprigs, Dried Whole Fenugreek Seeds, Ground Cumin, Coarse Ground Black Pepper, Fresh Whole Rosemary Sprigs"
Latitude (treated as Dining Commons),Wednesday,Dinner,Blue,Pasta Puttanesca,"Pouched diced tomatoes (tomatoes, tomato juice, tomato concentrate, sea salt), Precooked Spaghetti Pasta (water, enriched durum semolina [durum semolina wheat flour, niacin, ferrous sulfate, thiamin mononitrate, riboflavin, folic acid]), Non-Pareil Capers (capers, water, salt, vinegar), Extra Virgin Olive Oil, Pitted Kalamata Olives (pitted Kalamata olives, water, salt, vinegar, extra virgin olive oil. Per manufacturer, may contain pits), Minced Peeled Garlic Cloves, Canned Whole Anchovy Filets in Olive Oil (anchovies, olive oil, salt), Grated Parmesan Cheese (Parmesan cheese [pasteurized part-skim cow's milk, cheese cultures, salt, enzymes], powdered cellulose added to prevent caking, natamycin [a natural mold inhibitor]), Fresh Basil Leaves, Dried Crushed Red Pepper Flakes"
Latitude (treated as Dining Commons),Wednesday,Dinner,Blue,Garlic Loaf,"Parbaked roast garlic bread loaf (unbleached enriched flour [wheat flour, malted barley flour, niacin, reduced iron, thiamin mononitrate, riboflavin, folic acid], water, sour culture, roasted garlic, extra virgin olive oil, salt, garlic, semolina, olive oil, wheat germ, yeast, black pepper)"
Latitude (treated as Dining Commons),Wednesday,Dinner,Green,Vietnamese Beef Pho,"Pho broth (Tap water, (INACTIVE) Frozen Veal Bones, Whole Peeled Yellow Onions, Frozen Beef Sirloin Ball Tip (beef), Fresh Whole Ginger, Fish Sauce (anchovy extract, water, salt, fructose, hydrolyzed vegetable oil), Vegan Coconut Palm Sugar (organic evaporated coconut palm nectar), Coarse Flake Kosher Salt (salt, yellow prussiate of soda), Dried Whole Star Anise, Cinnamon Sticks, Dried Whole Cloves), rice noodles (Dried 3mm rice noodles (rice, water), Tap Water), beef ball tip sliced (Frozen beef sirloin ball tip (beef)), Whole Peeled Yellow Onions, Fresh Mung Bean Sprouts, Fresh Whole Mint Leaves, Fresh Whole Green Jalapeno Peppers, Fresh Thai Basil Leaves"
Latitude (treated as Dining Commons),Thursday,Breakfast,Red,Patatas Bravas,"1in diced peeled yukon potatoes, Canned Crushed Tomatoes (tomatoes, tomato puree, sea salt, citric acid), lemon garlic aioli (Vegan mayonnaise (soybean oil, water, organic distilled vinegar, contains less than 2% of salt, modified food starch, cane sugar, spice, natural flavor, lemon juice concentrate, calcium disodium edta, oleoresin paprika), Fresh Whole Lemons, Whole Peeled Garlic Cloves, Canola and Olive Oil Blend 90/10 (canola oil, extra virgin olive oil)), Minced Peeled Garlic Cloves, Canola and Olive Oil Blend 90/10 (canola oil, extra virgin olive oil), 1/4in Diced Yellow Onions, Smoked Paprika (paprika, silicon dioxide), Ground Cayenne Pepper, Canola and Olive Oil Blend 90/10 (canola oil, extra virgin olive oil), Coarse Flake Kosher Salt (salt, yellow prussiate of soda), Coarse Ground Black Pepper, Tabasco Hot Sauce (distilled vinegar, red pepper, salt)"
Latitude (treated as Dining Commons),Thursday,Breakfast,Red,Congee Rice Porridge,"Vegetable broth (Tap water, Liquid Vegetable Soup Base (tomato juice from concentrate, salt, yeast extract, sugar, potato starch, contains 2% or less of carrot extract, natural flavors)), Tap Water, Dried Broken Grain White Calrose Rice, Coarse Flake Kosher Salt (salt, yellow prussiate of soda), Sesame Oil, Ground White Pepper"
Latitude (treated as Dining Commons),Thursday,Breakfast,Blue,Tartine à l'avocat,"Frozen avocado pulp, Sliced Sourdough Bread (unbleached enriched flour [wheat flour, malted barley flour, niacin, iron, thiamin mononitrate, riboflavin, folic acid], water, yeast, wheat gluten. Contains 2% or less of acetic acid, lactic acid, fumaric acid, soybean oil, high fructose corn syrup, sugar, salt, calcium propionate and potassium sorbate, DATEM, wheat flour, calcium sulfate, ascorbic acid, enzymes), Wild Arugula Leaves, Fresh Sliced Radishes, Bottled Lemon Juice, Extra Virgin Olive Oil, Grated Romano Cheese (Parmesan cheese [pasteurized part skim milk, cheese cultures, salt, enzymes], Romano cheese [pasteurized part skim milk, cheese cultures, salt, enzymes], powdered cellulose [to prevent caking]), Fresh Whole Mint Leaves, Coarse Flake Kosher Salt (salt, yellow prussiate of soda), Coarse Ground Black Pepper"
Latitude (treated as Dining Commons),Thursday,Breakfast,Blue,Plain Greek Yogurt,"Plain greek yogurt (cultured pasteurized grade a nonfat milk, cream)"
Latitude (treated as Dining Commons),Thursday,Breakfast,Blue,Turkish Cardamom Pistachio Yogurt,"Plain greek yogurt (cultured pasteurized grade a nonfat milk, cream), Whole Shelled Pistachios, Extra Virgin Olive Oil, Frozen Lemon Zest, Dried Ground Cardamom (cardamom)"
Latitude (treated as Dining Commons),Thursday,Breakfast,Blue,Chai Spiced Yogurt,"Plain greek yogurt (cultured pasteurized grade a nonfat milk, cream), Whole Milk, Vanilla Extract (water, vanilla bean extractives, alcohol), Ground Cinnamon, Vegan Fine Granulated White Sugar, Dried Ground Ginger (ginger, sulfur dioxide. Per manufacturer, contains sulfites), Dried Ground Cardamom (cardamom), Ground Nutmeg, Ground Coriander"
Latitude (treated as Dining Commons),Thursday,Breakfast,Blue,Fresh Fruit Salad,"Fresh fruit salad (pineapple, grape, melon) (cantaloupe, honeydew, pineapple, grapes)"
Latitude (treated as Dining Commons),Thursday,Breakfast,Green,Red Conchas - Sweet Bread,"1.3oz pink conchas (base [enriched wheat flour [wheat flour, malted barley flour, niacin, reduced iron, thiamin mononitrate, riboflavin, folic acid], sugar, soybean oil, vital wheat gluten, nonfat dry milk, emulsifier [mono- and diglycerides, citric acid]. contains 2% or less of each of the following: dried whole eggs, salt, natural and artificial flavors [milk], dough conditioner [dry yeast, calcium sulfate, ammonium sulfate, enriched wheat flour {wheat flour, niacin, reduced iron, thiamin mononitrate, riboflavin, folic acid}, salt, enzymes], leavening [sodium bicarbonate, monocalcium phosphate], calcium propionate [preservative], yellow 5, yellow 6, soy flour, water, palm oil, enriched wheat flour [wheat flour, niacin, reduced iron, thiamin mononitrate, riboflavin, folic acid], bread flour [wheat flour, malted barley flour, niacin, reduced iron, thiamin mononitrate, riboflavin folic acid], sugar, powdered sugar [sugar, cornstarch], yeast [yeast, sorbitan monostearate], cinnamon, pink color [water, high fructose corn syrup, glycerine, fd&amp;c red 3 [e127], sugar, modified food starch, sodium benzoate and potassium sorbate [preservatives], carragenan, xanthan gum, fd&amp;c yellow 5 [e102], citric acid])"
Latitude (treated as Dining Commons),Thursday,Breakfast,Green,Yellow Conchas - Sweet Bread,"1.3oz yellow conchas (enriched wheat flour [wheat flour, malted barley flour, niacin, reduced iron, thiamin mononitrate, riboflavin, folic acid], sugar, soybean oil, vital wheat gluten, nonfat dry milk, emulsifier [mono- and diglycerides, citric acid]. contains 2% or less of each of the following: dried whole eggs, salt, natural and artificial flavors [milk], dough conditioner [dry yeast, calcium sulfate, ammonium sulfate, enriched wheat flour {wheat flour, niacin, reduced iron, thiamin mononitrate, riboflavin, folic acid}, salt, enzymes], leavening [sodium bicarbonate, monocalcium phosphate], calcium propionate [preservative], yellow 5, yellow 6, soy flour, water, palm oil, enriched wheat flour [wheat flour, niacin, reduced iron, thiamin mononitrate, riboflavin, folic acid], bread flour [wheat flour, malted barley flour, niacin, reduced iron, thiamin mononitrate, riboflavin folic acid], sugar, powdered sugar [sugar, cornstarch], yeast [yeast, sorbitan monostearate], cinnamon, color [water, high fructose corn syrup, glycerine, fd&amp;c yellow 5, sugar, food modified starch, carrageenan, sodium benzoate and potassium sorbate {as preservatives}, xanthan gum, citric acid])"
Latitude (treated as Dining Commons),Thursday,Lunch,Red,Chile Colorado,"1/2 x 1 x 2 sliced beef fajita halal, 1/2in Diced Yellow Onions, Tap Water, Canola and Olive Oil Blend 90/10 (canola oil, extra virgin olive oil), Liquid Vegetable Soup Base (tomato juice from concentrate, salt, yeast extract, sugar, potato starch, contains 2% or less of carrot extract, natural flavors), Dried Ground Guajillo Pepper Powder (chili pepper, silicon dioxide [anti-caking agent], ethoxyquin [antioxidant agent]), Unbleached All Purpose Flour (unbleached wheat flour, malted barley flour, niacin, iron, thiamin mononitrate, riboflavin, folic acid), Coarse Flake Kosher Salt (salt, yellow prussiate of soda), Coarse Ground Black Pepper, Dried Mexican Oregano Leaves, Ground Cumin, Granulated Garlic, Smoked Paprika (paprika, silicon dioxide), Whole Bay Leaves, day of service, day before service"
Latitude (treated as Dining Commons),Thursday,Lunch,Red,Soyrizo Fajita Mix,"Fresh sliced peppers and onions (fajita mix), Soy Chorizo Sausage Crumbles (water, organic textured soy protein [soy flour], organic soybean oil, organic distilled vinegar, organic seasoning [organic chile pepper, organic spices, salt, organic paprika, organic dextrose, organic Ancho chile powder, organic onion powder, organic garlic powder, sea salt, natural extractives of paprika], salt, organic caramel color, natural extractives of paprika)"
Latitude (treated as Dining Commons),Thursday,Lunch,Red,Frijoles Sabrosos,"Canned pinto beans (pinto beans, water, salt, calcium chloride, calcium disodium edta), 3/8in Diced Tomatoes, 1/4in Diced Yellow Onions, Whole Peeled Garlic Cloves, Tap Water, Canola Salad Oil, Coarse Flake Kosher Salt (salt, yellow prussiate of soda), Chipotle Peppers in Adobo Sauce (water, tomato paste, dried Chipotle peppers, distilled vinegar, corn oil. Contains 2% or less of iodized salt, potassium iodate, corn starch, onion powder, garlic powder, spices), Dried Mexican Oregano Leaves"
Latitude (treated as Dining Commons),Thursday,Lunch,Red,Arroz Mexicano,"Vegetable broth (Tap water, Liquid Vegetable Soup Base (tomato juice from concentrate, salt, yeast extract, sugar, potato starch, contains 2% or less of carrot extract, natural flavors)), Dried White Long Grain Rice, Canned Crushed Tomatoes (tomatoes, tomato puree, sea salt, citric acid), Canola Salad Oil, 1/4in Diced Yellow Onions, Shredded Orange Carrots, Frozen Corn Kernels (sweet white corn), 1/2in Diced Green Bell Peppers, Achiote Paste (annatto seeds, vinegar, salt, water, granulated garlic, spices, sodium benzoate, corn meal, corn flour, FD&amp;C 40), 1/2in Diced Celery, Granulated Garlic, Coarse Flake Kosher Salt (salt, yellow prussiate of soda), Ground Cayenne Pepper"
Latitude (treated as Dining Commons),Thursday,Lunch,Red,Flour Tortillas,"10in flour tortillas (enriched bleached flour [wheat flour, niacin, reduced iron, thiamin mononitrate, riboflavin, folic acid], water, soybean oil, vegetable shortening [soybean oil, mono- and diglycerides, vitamin e, vitamin c palmitate], salt, mono- and diglycerides, baking powder [sodium bicarbonate, cornstarch, sodium aluminum sulfate, calcium sulfate, monocalcium phosphate], calcium propionate, wheat gluten, fumaric acid, guar gum, xanthan gum, microcrystalline cellulose, l-cysteine)"
Latitude (treated as Dining Commons),Thursday,Lunch,Red,Sour Cream,"Sour cream (cultured cream. contains less than 2% of whey, modified corn starch, sodium tripolyphosphate, carrageenan, calcium sulfate, locust bean gum, guar gum, potassium sorbate)"
Latitude (treated as Dining Commons),Thursday,Lunch,Red,Pico De Gallo,"1/4in pico de gallo (tomatoes, onion, fresh cilantro, jalapeno pepper)"
Latitude (treated as Dining Commons),Thursday,Lunch,Red,Tomato Bisque Soup,"Tomato bisque soup (daylight) (organic diced tomatoes [fresh vine-ripened organic california tomatoes, calcium chloride, citric acid], water, organic cream, organic onion, organic tomato paste [vine-ripened fresh organic tomatoes, citric acid], organic rice flour, organic milk, organic brown sugar, organic garlic, sea salt, organic cultured dextrose [organic cultured dextrose, organic maltodextrin], organic black pepper)"
Latitude (treated as Dining Commons),Thursday,Lunch,Red,Turkey Chili with Beans,"Turkey chili w/ beans soup (daylight) (ground turkey, tomato in heavy puree [tomatoes, tomato puree, citric acid], diced tomatoes [diced tomatoes, tomato juice, sea salt, calcium chloride, citric acid], kidney beans, onion, tomato puree [fresh vine ripened california tomatoes, citric acid], red bell pepper, garlic, cumin, lemon juice, sea salt, cultured dextrose, ancho chili peppers, chili powder, coriander, cayenne pepper, cinnamon, oregano)"
Latitude (treated as Dining Commons),Thursday,Lunch,Yellow,Housemade Chicken Shawarma,"Shawarma chicken (Fresh chicken thigh sliced halal, shawarma seasoning mix (Granulated garlic, Ground Cumin, Onion Powder (onion powder), Coarse Flake Kosher Salt (salt, yellow prussiate of soda), Za'atar Spice Mix (ground sumac, spices, sesame seed, salt, canola oil), Dried Aleppo Style Red Chile Pepper Flakes, Smoked Paprika (paprika, silicon dioxide)), seasoning rub), basmati rice (Tap water, Dried White Basmati Rice), afghani salad (3/8in diced tomatoes, 1/2in Diced Skin-on Cucumbers, 1/4in Diced Red Onions, Fresh Fine Chopped Cilantro, Bottled Lemon Juice, Coarse Flake Kosher Salt (salt, yellow prussiate of soda), Shaker Ground Black Pepper), Naan Bread (unbleached enriched flour [wheat flour, malted barley flour, reduced iron, thiamin mononitrate, niacin, riboflavin, folic acid], filtered water, canola oil, sugar, sea salt, yeast, cultured wheat, baking powder [sodium bicarbonate, sodium acid pyrophosphate, potato starch], enzymes), roasted garlic lemon tahini sauce (Non-fat plain greek yogurt (cultured pasteurized grade a nonfat milk), Tahini Paste (roasted hulled crushed sesame seeds), Bottled Lemon Juice, Whole Milk, garlic mash (Whole peeled garlic cloves, Canola and Olive Oil Blend 90/10 (canola oil, extra virgin olive oil), Iodized Granulated Salt (salt, sodium silicoaluminate, dextrose, potassium iodine, sodium bicarbonate)), Coarse Flake Kosher Salt (salt, yellow prussiate of soda), Fresh Whole Mint Leaves, Shaker Ground Black Pepper, Smoked Paprika (paprika, silicon dioxide)), Shredded Iceberg Lettuce"
Latitude (treated as Dining Commons),Thursday,Lunch,Yellow,Falafel Plate,"1oz precooked falafel balls (water, chickpeas, parsley, onions, cilantro, serrano peppers, garlic puree [garlic, citric acid, ascorbic acid]. contains 2% or less of salt, spices, rice flour, xanthan gum), afghani salad (3/8in diced tomatoes, 1/2in Diced Skin-on Cucumbers, 1/4in Diced Red Onions, Fresh Fine Chopped Cilantro, Bottled Lemon Juice, Coarse Flake Kosher Salt (salt, yellow prussiate of soda), Shaker Ground Black Pepper), basmati rice (Tap water, Dried White Basmati Rice), Naan Bread (unbleached enriched flour [wheat flour, malted barley flour, reduced iron, thiamin mononitrate, niacin, riboflavin, folic acid], filtered water, canola oil, sugar, sea salt, yeast, cultured wheat, baking powder [sodium bicarbonate, sodium acid pyrophosphate, potato starch], enzymes), Shredded Iceberg Lettuce, Rice Bran Fryer Oil (NGMO rice bran oil, RDW)"
Latitude (treated as Dining Commons),Thursday,Lunch,Yellow,Basmati Rice,"Tap water, Dried White Basmati Rice"
Latitude (treated as Dining Commons),Thursday,Lunch,Blue,Borscht,"Tap water, 75/25 Frozen Ground Pork, 1/4in Sliced Skin on Yukon Gold Potato, Matchstick Red Beets, 1/2in Diced Tomatoes, Matchstick Carrots, Fresh Shredded Green Cabbage, 1/2in Diced Yellow Onions, Tomato Paste (vine-ripened tomatoes), Sour Cream (cultured cream. Contains less than 2% of whey, modified corn starch, sodium tripolyphosphate, carrageenan, calcium sulfate, locust bean gum, guar gum, potassium sorbate), White Cooking Wine (wine, water, neutral spirits, salt, tartaric acid, citric acid, potassium sorbate, potassium metabisulfite, caramel color), Minced Peeled Garlic Cloves, Canola and Olive Oil Blend 75/25 (75% canola oil, 25% extra virgin olive oil), Vegan Fine Granulated White Sugar, Fresh Whole Dill Sprigs, Coarse Flake Kosher Salt (salt, yellow prussiate of soda), Coarse Ground Black Pepper"
Latitude (treated as Dining Commons),Thursday,Lunch,Green,Ma-Po Tofu,"Tap water, sticky rice (Dried white calrose rice, Tap Water), tofu (Firm tofu), Tap Water, Tap Water, Asian Chili Oil (soybean oil, chili), Regular Soy Sauce (water, soybeans, wheat, salt. Contains less than 1% of sodium benzoate), Tomato Paste (vine-ripened tomatoes), Crunchy Garlic with Chili Oil (non-GMO canola oil, onions, chili peppers, rice bran, mushroom powder, garlic, spices, turbinado sugar, salt), Whole Peeled Garlic Cloves, Fermented Whole Black Beans (black beans, soybeans, water, salt, ginger), Gochujang (red pepper seasoning [red pepper powder, water, salt, garlic, onion], corn syrup, water, wheat flour, wheat rice, salt, rice powder, soybean powder, monosodium L-glutamate, potassium sorbate, seed malt), Dried Whole Shiitake Mushrooms (dried mushroom, sulfur dioxide), 1/4in Diced Green Onions, Fermented Whole Black Beans (black beans, soybeans, water, salt, ginger), Coarse Flake Kosher Salt (salt, yellow prussiate of soda), Fresh Cilantro Sprigs, Dried Crushed Red Pepper Flakes, Dried Whole Shiitake Mushrooms (dried mushroom, sulfur dioxide), Nutritional Yeast Flakes, Dried Whole Szechuan Peppercorns, Dried Whole Szechuan Peppercorns, presentation, blanching tofu, sauce, mushroom rehydration, mushroom-black bean paste"
Latitude (treated as Dining Commons),Thursday,Dinner,Red,Chile Colorado,"1/2 x 1 x 2 sliced beef fajita halal, 1/2in Diced Yellow Onions, Tap Water, Canola and Olive Oil Blend 90/10 (canola oil, extra virgin olive oil), Liquid Vegetable Soup Base (tomato juice from concentrate, salt, yeast extract, sugar, potato starch, contains 2% or less of carrot extract, natural flavors), Dried Ground Guajillo Pepper Powder (chili pepper, silicon dioxide [anti-caking agent], ethoxyquin [antioxidant agent]), Unbleached All Purpose Flour (unbleached wheat flour, malted barley flour, niacin, iron, thiamin mononitrate, riboflavin, folic acid), Coarse Flake Kosher Salt (salt, yellow prussiate of soda), Coarse Ground Black Pepper, Dried Mexican Oregano Leaves, Ground Cumin, Granulated Garlic, Smoked Paprika (paprika, silicon dioxide), Whole Bay Leaves, day of service, day before service"
Latitude (treated as Dining Commons),Thursday,Dinner,Red,Soyrizo Fajita Mix,"Fresh sliced peppers and onions (fajita mix), Soy Chorizo Sausage Crumbles (water, organic textured soy protein [soy flour], organic soybean oil, organic distilled vinegar, organic seasoning [organic chile pepper, organic spices, salt, organic paprika, organic dextrose, organic Ancho chile powder, organic onion powder, organic garlic powder, sea salt, natural extractives of paprika], salt, organic caramel color, natural extractives of paprika)"
Latitude (treated as Dining Commons),Thursday,Dinner,Red,Frijoles Sabrosos,"Canned pinto beans (pinto beans, water, salt, calcium chloride, calcium disodium edta), 3/8in Diced Tomatoes, 1/4in Diced Yellow Onions, Whole Peeled Garlic Cloves, Tap Water, Canola Salad Oil, Coarse Flake Kosher Salt (salt, yellow prussiate of soda), Chipotle Peppers in Adobo Sauce (water, tomato paste, dried Chipotle peppers, distilled vinegar, corn oil. Contains 2% or less of iodized salt, potassium iodate, corn starch, onion powder, garlic powder, spices), Dried Mexican Oregano Leaves"
Latitude (treated as Dining Commons),Thursday,Dinner,Red,Arroz Mexicano,"Vegetable broth (Tap water, Liquid Vegetable Soup Base (tomato juice from concentrate, salt, yeast extract, sugar, potato starch, contains 2% or less of carrot extract, natural flavors)), Dried White Long Grain Rice, Canned Crushed Tomatoes (tomatoes, tomato puree, sea salt, citric acid), Canola Salad Oil, 1/4in Diced Yellow Onions, Shredded Orange Carrots, Frozen Corn Kernels (sweet white corn), 1/2in Diced Green Bell Peppers, Achiote Paste (annatto seeds, vinegar, salt, water, granulated garlic, spices, sodium benzoate, corn meal, corn flour, FD&amp;C 40), 1/2in Diced Celery, Granulated Garlic, Coarse Flake Kosher Salt (salt, yellow prussiate of soda), Ground Cayenne Pepper"
Latitude (treated as Dining Commons),Thursday,Dinner,Red,Flour Tortillas,"10in flour tortillas (enriched bleached flour [wheat flour, niacin, reduced iron, thiamin mononitrate, riboflavin, folic acid], water, soybean oil, vegetable shortening [soybean oil, mono- and diglycerides, vitamin e, vitamin c palmitate], salt, mono- and diglycerides, baking powder [sodium bicarbonate, cornstarch, sodium aluminum sulfate, calcium sulfate, monocalcium phosphate], calcium propionate, wheat gluten, fumaric acid, guar gum, xanthan gum, microcrystalline cellulose, l-cysteine)"
Latitude (treated as Dining Commons),Thursday,Dinner,Red,Sour Cream,"Sour cream (cultured cream. contains less than 2% of whey, modified corn starch, sodium tripolyphosphate, carrageenan, calcium sulfate, locust bean gum, guar gum, potassium sorbate)"
Latitude (treated as Dining Commons),Thursday,Dinner,Red,Pico De Gallo,"1/4in pico de gallo (tomatoes, onion, fresh cilantro, jalapeno pepper)"
Latitude (treated as Dining Commons),Thursday,Dinner,Yellow,Housemade Chicken Shawarma,"Shawarma chicken (Fresh chicken thigh sliced halal, shawarma seasoning mix (Granulated garlic, Ground Cumin, Onion Powder (onion powder), Coarse Flake Kosher Salt (salt, yellow prussiate of soda), Za'atar Spice Mix (ground sumac, spices, sesame seed, salt, canola oil), Dried Aleppo Style Red Chile Pepper Flakes, Smoked Paprika (paprika, silicon dioxide)), seasoning rub), basmati rice (Tap water, Dried White Basmati Rice), afghani salad (3/8in diced tomatoes, 1/2in Diced Skin-on Cucumbers, 1/4in Diced Red Onions, Fresh Fine Chopped Cilantro, Bottled Lemon Juice, Coarse Flake Kosher Salt (salt, yellow prussiate of soda), Shaker Ground Black Pepper), Naan Bread (unbleached enriched flour [wheat flour, malted barley flour, reduced iron, thiamin mononitrate, niacin, riboflavin, folic acid], filtered water, canola oil, sugar, sea salt, yeast, cultured wheat, baking powder [sodium bicarbonate, sodium acid pyrophosphate, potato starch], enzymes), roasted garlic lemon tahini sauce (Non-fat plain greek yogurt (cultured pasteurized grade a nonfat milk), Tahini Paste (roasted hulled crushed sesame seeds), Bottled Lemon Juice, Whole Milk, garlic mash (Whole peeled garlic cloves, Canola and Olive Oil Blend 90/10 (canola oil, extra virgin olive oil), Iodized Granulated Salt (salt, sodium silicoaluminate, dextrose, potassium iodine, sodium bicarbonate)), Coarse Flake Kosher Salt (salt, yellow prussiate of soda), Fresh Whole Mint Leaves, Shaker Ground Black Pepper, Smoked Paprika (paprika, silicon dioxide)), Shredded Iceberg Lettuce"
Latitude (treated as Dining Commons),Thursday,Dinner,Yellow,Falafel Plate,"1oz precooked falafel balls (water, chickpeas, parsley, onions, cilantro, serrano peppers, garlic puree [garlic, citric acid, ascorbic acid]. contains 2% or less of salt, spices, rice flour, xanthan gum), afghani salad (3/8in diced tomatoes, 1/2in Diced Skin-on Cucumbers, 1/4in Diced Red Onions, Fresh Fine Chopped Cilantro, Bottled Lemon Juice, Coarse Flake Kosher Salt (salt, yellow prussiate of soda), Shaker Ground Black Pepper), basmati rice (Tap water, Dried White Basmati Rice), Naan Bread (unbleached enriched flour [wheat flour, malted barley flour, reduced iron, thiamin mononitrate, niacin, riboflavin, folic acid], filtered water, canola oil, sugar, sea salt, yeast, cultured wheat, baking powder [sodium bicarbonate, sodium acid pyrophosphate, potato starch], enzymes), Shredded Iceberg Lettuce, Rice Bran Fryer Oil (NGMO rice bran oil, RDW)"
Latitude (treated as Dining Commons),Thursday,Dinner,Yellow,Basmati Rice,"Tap water, Dried White Basmati Rice"
Latitude (treated as Dining Commons),Thursday,Dinner,Blue,Greek Souvlaki Chicken Wings,"Souvlaki chicken wings (Whole chicken wing, White Cooking Wine (wine, water, neutral spirits, salt, tartaric acid, citric acid, potassium sorbate, potassium metabisulfite, caramel color), Canola and Olive Oil Blend 75/25 (75% canola oil, 25% extra virgin olive oil), Whole Peeled Garlic Cloves, Bottled Lemon Juice, Dried Mediterranean Oregano Leaves, Fresh Whole Mint Leaves, Coarse Flake Kosher Salt (salt, yellow prussiate of soda), Fresh Whole Dill Sprigs, Coarse Ground Black Pepper, marinade), lemon dill yogurt sauce (Non-fat plain greek yogurt (cultured pasteurized grade a nonfat milk), Fresh Whole Lemons, Coarse Flake Kosher Salt (salt, yellow prussiate of soda), Whole Peeled Garlic Cloves, Coarse Ground Black Pepper, Fresh Whole Dill Sprigs), Lemon Wedge, Crumbled Feta Cheese (feta cheese [cultured pasteurized part-skim milk, salt, enzymes], powdered cellulose [to prevent caking])"
Latitude (treated as Dining Commons),Thursday,Dinner,Green,Tonkatsu,"Breaded pork cutlet (boneless pork, water, panko [bleached wheat flour, shortening {palm oil}, cane sugar, yeast, salt], batter [enriched unbleached wheat flour {flour, niacin, reduced iron, thiamin mononitrate, riboflavin, folic acid} yellow corn flour, wheat starch, salt, baking powder, {sodium acid pyrophosphate, sodium bicarbonate, corn starch, monocalcium phosphate}, sucrose esters, riboflavin] salt, pepper), Tonkatsu Sauce (water, sugar, salt, tomato paste, fermented vinegar, carrot puree, glucose, apple, lemon juice, caramel coloring, thickener [tamarind], corn starch, onion extract, spice, garlic extract, licorice, amino acid), Fresh Shredded Napa Cabbage, Rice Bran Fryer Oil (NGMO rice bran oil, RDW), Fresh Whole Lemons"
Latitude (treated as Dining Commons),Thursday,Dinner,Green,Sticky Rice,"Dried white calrose rice, Tap Water"
Latitude (treated as Dining Commons),Friday,Breakfast,Red,Tamal de Puerco,"Pork tamale (masa ingredients: whole cooked corn [corn treated with lime water], lard, rice flour, salt. filling ingredients: pork, chile sauce [water, red chili peppers], water. contains 2% or less of jalapeno peppers [jalapeno peppers, water, vinegar, salt], corn [corn treated with lime water], salt, seasoning [chili pepper, red pepper, garlic powder, salt, spices]), mexican red chile sauce (Tap water, chicken broth (Tap water, Liquid Chicken Soup Base (chicken broth, yeast extract, salt, sugar, chicken fat, potato starch, contains 2% or less of onion powder, natural flavors)), Pouched Tomato Sauce (tomatoes, sea salt, dehydrated onions, dehydrated garlic, spices, natural flavorings, sweet bell pepper, naturally derived citric acid), Dried Whole Guajillo Chilis, 1/4in Diced Yellow Onions, Minced Peeled Garlic Cloves, Coarse Flake Kosher Salt (salt, yellow prussiate of soda), Granulated Garlic, Onion Powder (onion powder), Ground Cumin, Dried Mexican Oregano Leaves), mayan onion (Whole peeled red onions, Bottled Orange Juice (100% orange juice), White Wine Vinegar (white wine vinegar, potassium metabisulfite, water), Canned Pineapple Juice From Concentrate, Bottled Grapefruit Juice (water, concentrated grapefruit juice. Contains 2% or less of natural flavor, ascorbic acid), Tap Water, Bottled Lemon Juice, Bottled Lime Juice, Vegan Fine Granulated White Sugar, Coarse Flake Kosher Salt (salt, yellow prussiate of soda), Dried Mediterranean Oregano Leaves, Fresh Whole Habanero Peppers, Matchstick Red Beets)"
Latitude (treated as Dining Commons),Friday,Breakfast,Red,Congee Rice Porridge,"Vegetable broth (Tap water, Liquid Vegetable Soup Base (tomato juice from concentrate, salt, yeast extract, sugar, potato starch, contains 2% or less of carrot extract, natural flavors)), Tap Water, Dried Broken Grain White Calrose Rice, Coarse Flake Kosher Salt (salt, yellow prussiate of soda), Sesame Oil, Ground White Pepper"
Latitude (treated as Dining Commons),Friday,Breakfast,Blue,Plain Greek Yogurt,"Plain greek yogurt (cultured pasteurized grade a nonfat milk, cream)"
Latitude (treated as Dining Commons),Friday,Breakfast,Blue,Turkish Cardamom Pistachio Yogurt,"Plain greek yogurt (cultured pasteurized grade a nonfat milk, cream), Whole Shelled Pistachios, Extra Virgin Olive Oil, Frozen Lemon Zest, Dried Ground Cardamom (cardamom)"
Latitude (treated as Dining Commons),Friday,Breakfast,Blue,Chai Spiced Yogurt,"Plain greek yogurt (cultured pasteurized grade a nonfat milk, cream), Whole Milk, Vanilla Extract (water, vanilla bean extractives, alcohol), Ground Cinnamon, Vegan Fine Granulated White Sugar, Dried Ground Ginger (ginger, sulfur dioxide. Per manufacturer, contains sulfites), Dried Ground Cardamom (cardamom), Ground Nutmeg, Ground Coriander"
Latitude (treated as Dining Commons),Friday,Breakfast,Blue,Fresh Fruit Salad,"Fresh fruit salad (pineapple, grape, melon) (cantaloupe, honeydew, pineapple, grapes)"
Latitude (treated as Dining Commons),Friday,Breakfast,Green,Dim Sum Breakfast,"Chicken soup dumpling (water, chicken, enriched bleached wheat flour [bleached wheat flour, niacin, reduced iron, thiamin mononitrate, riboflavin, folic acid], modified tapioca starch, oil [sesame, peanut], pork stock [pork stock, natural flavor], sugar, monosodium glutamate, soy sauce [water, salt, soybeans, sugar, wheat flour, sodium benzoate as a preservative, disodium 5'-inosinate and disodium 5'-guanylate as a flavor enhancer], onion, ginger, salt, rice cooking wine [rice, water, wheat, salt, caramel color], cellulose gum), jasmine rice (Tap water, Dried White Jasmine Rice), Whole Baby Bok Choy, Sesame Oil, Nori Goma Furikake (sesame seeds, salt, seaweed, monosodium glutamate, sugar, sweet wine [water, rice, malted rice], lactose, dextrin, soy sauce [water, soybeans, wheat, sat], green tea powder), Coarse Flake Kosher Salt (salt, yellow prussiate of soda), Coarse Ground Black Pepper"
Latitude (treated as Dining Commons),Friday,Breakfast,Green,Jasmine Rice,"Tap water, Dried White Jasmine Rice"
Latitude (treated as Dining Commons),Friday,Breakfast,Green,Stir-Fried Bok Choy,"Whole baby bok choy, vegetable broth (Tap water, Liquid Vegetable Soup Base (tomato juice from concentrate, salt, yeast extract, sugar, potato starch, contains 2% or less of carrot extract, natural flavors)), Rice Bran Oil (NGMO rice bran oil, RDW), La-Yu (Rayu Japanese Chili Oil) (cole seed oil, sesame oil, chili spice, paprika), Dried Black and White Sesame Seeds, Coarse Flake Kosher Salt (salt, yellow prussiate of soda)"
Latitude (treated as Dining Commons),Friday,Breakfast,Green,Butter Croissant,"2oz butter croissant (enriched unbleached flour [wheat flour, malted barley flour, niacin, reduced iron, thiamin mononitrate, riboflavin, folic acid], butter [pasteurized cream {milk}, natural flavors], water, pure cane sugar, nonfat dry milk, salt, yeast [yeast, sorbitan monostearate], eggs. per manufacturer, produced in a facility that also uses: milk, eggs, tree nuts, peanuts, wheat, fish [lox], soybeans and sesame)"
Latitude (treated as Dining Commons),Friday,Breakfast,Green,Mantecadas,"Mantecada (mexican muffin) (base [sugar, enriched wheat flour bleached {flour, niacin, iron, thiamin mononitrate, riboflavin, folic acid}, modified food starch, soybean oil, contains 2% or less of defatted soy flour, eggs, leavening {aluminum sulfate, baking soda, sodium aluminum phosphate}, mono- and diglycerides, natural and artificial flavor, propylene glycol mono- and diesters of fatty acids, salt, sodium stearoyl lactylate, vital wheat gluten, whey], eggs, soybean oil, water, all purpose flour, sugared orange [orange peel zest, cane sugar and orange oil essence], potassium sorbate)"
Latitude (treated as Dining Commons),Friday,Lunch,Red,Cubanos,"12in hoagie roll (enriched wheat flour [wheat flour, malted barley flour, niacin, iron, thiamin mononitrate, riboflavin, folic acid], water, dough conditioner [salt, sugar, enriched wheat flour, dextrose, soybean oil, calcium stearoyl lactylate. contains 2% or less of&nbsp; malt powder {dried corn syrup, barley malt extract}, diacetyl tartaric acid, esters of mono- and diglycerides {datem}, mono- and diglycerides, vitamin c, potassium iodate, ethoxylated mono- and diglycerides, calcium sulfate, enzymes], yeast, soybean oil, yellow cornmeal, vital wheat gluten, hydrated distilled monoglyceride [water, monoglycerides. contains 2% or less of propionic, phosphoric acid], calcium propionate), mojo pork butt (Fresh boneless pork butt, 5:1 Orange Juice Concentrate (concentrated orange juice), Lard, Bottled Lime Juice, Whole Peeled Garlic Cloves, Coarse Flake Kosher Salt (salt, yellow prussiate of soda), Dried Mediterranean Oregano Leaves, Coarse Ground Black Pepper), Presliced Deli Swiss Cheese (pasteurized part-skim milk, cheese culture, salt, enzymes), Presliced Deli Smoked Ham (ham. Cured with water, salt, sugar, dextrose, sodium phosphates, sodium erythorbate, sodium nitrite), Yellow Mustard (distilled vinegar, water, mustard seed, salt, turmeric, paprika, spice, natural flavor, garlic powder), 3/16in Long Sliced Krinkle Cut Dill Pickles (cucumbers, water, salt, vinegar. Contains less than 2% of garlic, spices, calcium chloride, 1/10 of 1% sodium benzoate, natural flavorings, polysorbate 80, turmeric), Unsalted Butter (pasteurized cream, natural flavoring)"
Latitude (treated as Dining Commons),Friday,Lunch,Red,BBQ Sauce,"Green chile pozole (vegetable stock [water, celery, carrots, onions], tomatillo, hominy [hominy, water, salt], poblano pepper, onion, black beans, northern beans, jalapeno pepper, lime juice, garlic [garlic, water, citric acid], canola oil, salt, cumin, oregano)"
Latitude (treated as Dining Commons),Friday,Lunch,Red,New England Clam Chowder,"New england clam chowder soup (daylight) (water, red potatoes, cream, clams, celery, onion, milk, rice flour, concentrated clam broth, butter [cream], canola oil, sea salt, sugar, cultured dextrose, thyme, celery salt [sea salt, ground celery seed], black pepper)"
Latitude (treated as Dining Commons),Friday,Lunch,Yellow,Akoho Sy Voanio,"Fresh raw bone-in halal chicken thigh, Pouched Diced Tomatoes (tomatoes, tomato juice, tomato concentrate, sea salt), 1/2in Diced Yellow Onions, chicken broth (Tap water, Liquid Chicken Soup Base (chicken broth, yeast extract, salt, sugar, chicken fat, potato starch, contains 2% or less of onion powder, natural flavors)), Canned Coconut Milk, Canola and Olive Oil Blend 90/10 (canola oil, extra virgin olive oil), Bottled Lime Juice, Vegan Light Brown Sugar, Chopped Ginger, Minced Peeled Garlic Cloves, Ground Coriander, Curry Powder (coriander, fenugreek, turmeric, cumin, black pepper, bay leaves, celery seed, nutmeg, clove, onion, ginger, red pepper), Fresh Whole Thai Peppers, Spanish Saffron Threads, Oil Pan Coating (canola oil, sunflower lecithin)"
Latitude (treated as Dining Commons),Friday,Lunch,Yellow,Basmati Rice,"Tap water, Dried White Basmati Rice"
Latitude (treated as Dining Commons),Friday,Lunch,Blue,Spaghetti alle Vongole,"Frozen precooked whole clams (clams in shell with natural juice), Precooked Spaghetti Pasta (water, enriched durum semolina [durum semolina wheat flour, niacin, ferrous sulfate, thiamin mononitrate, riboflavin, folic acid]), White Cooking Wine (wine, water, neutral spirits, salt, tartaric acid, citric acid, potassium sorbate, potassium metabisulfite, caramel color), Lemon Wedge, Canola and Olive Oil Blend 75/25 (75% canola oil, 25% extra virgin olive oil), Unsalted Butter (pasteurized cream, natural flavoring), Whole Peeled Garlic Cloves, Coarse Flake Kosher Salt (salt, yellow prussiate of soda), Fresh Italian Parsley Sprigs, Dried Crushed Red Pepper Flakes"
Latitude (treated as Dining Commons),Friday,Lunch,Blue,Garlic Loaf,"Parbaked roast garlic bread loaf (unbleached enriched flour [wheat flour, malted barley flour, niacin, reduced iron, thiamin mononitrate, riboflavin, folic acid], water, sour culture, roasted garlic, extra virgin olive oil, salt, garlic, semolina, olive oil, wheat germ, yeast, black pepper)"
Latitude (treated as Dining Commons),Friday,Lunch,Green,Thai Red Curry Shrimp,"26/30 frozen raw p&d tail-off shrimp (shrimp, water, salt, sodium tripolyphosphate), Canned Coconut Milk, Red Curry Paste (garlic, dried red chili, lemongrass, shallot, salt, galangal, shrimp paste [shrimp, salt], kaffir lime peel, pepper. Per manufacturer, may contain traces of fish), 1in Diced Skin-on Globe Eggplant, Vegan Light Brown Sugar, Fish Sauce (anchovy extract, water, salt, fructose, hydrolyzed vegetable oil), Fresh Thai Basil Leaves, Fresh Whole Thai Peppers, Tap Water"
Latitude (treated as Dining Commons),Friday,Lunch,Green,Jasmine Rice,"Tap water, Dried White Jasmine Rice"
Latitude (treated as Dining Commons),Friday,Dinner,Red,Chile Rellenos,"Frozen precooked cheese chile relleno (roasted poblano pepper, cheese, pasteurized egg white, wheat flour, spices, vegetable oil, salt), salsa de tomate (Pouched tomato sauce (tomatoes, sea salt, dehydrated onions, dehydrated garlic, spices, natural flavorings, sweet bell pepper, naturally derived citric acid), chicken broth (Tap water, Liquid Chicken Soup Base (chicken broth, yeast extract, salt, sugar, chicken fat, potato starch, contains 2% or less of onion powder, natural flavors)), Julienned Yellow Onions, Canola Salad Oil, Granulated Garlic, Coarse Flake Kosher Salt (salt, yellow prussiate of soda), Whole Bay Leaves, Dried Ground Allspice, Coarse Ground Black Pepper), Cheese Cotija Queso Grated Supremo (pasteurized whole grade A cow's milk, salt, enzymes, culture, powdered cellulose)"
Latitude (treated as Dining Commons),Friday,Dinner,Red,Arroz Mexicano,"Vegetable broth (Tap water, Liquid Vegetable Soup Base (tomato juice from concentrate, salt, yeast extract, sugar, potato starch, contains 2% or less of carrot extract, natural flavors)), Dried White Long Grain Rice, Canned Crushed Tomatoes (tomatoes, tomato puree, sea salt, citric acid), Canola Salad Oil, 1/4in Diced Yellow Onions, Shredded Orange Carrots, Frozen Corn Kernels (sweet white corn), 1/2in Diced Green Bell Peppers, Achiote Paste (annatto seeds, vinegar, salt, water, granulated garlic, spices, sodium benzoate, corn meal, corn flour, FD&amp;C 40), 1/2in Diced Celery, Granulated Garlic, Coarse Flake Kosher Salt (salt, yellow prussiate of soda), Ground Cayenne Pepper"
Latitude (treated as Dining Commons),Friday,Dinner,Yellow,Peanut Chicken Suya Skewers with West African Pepper Sauce,"Frozen halal chicken skewers (halal chicken thigh, water, modified corn starch, canola oil, salt, dextrose, potato starch, sodium phosphate, garlic powder, dehydrated garlic, spices, onion powder, yeast extract ,salt), west african pepper sauce -spicy! (1in diced red bell peppers, 3/8in Diced Tomatoes, 1/4in Sliced Yellow Onions, Bottled Lime Juice, Extra Virgin Olive Oil, 1/4in Diced Green Onions, Fresh Whole Habanero Peppers, Extra Virgin Olive Oil, Fresh Italian Parsley Sprigs, Whole Peeled Garlic Cloves, Coarse Flake Kosher Salt (salt, yellow prussiate of soda), Dried Whole Thyme Leaves), Creamy Peanut Butter (peanuts, sugar, hydrogenated vegetable oils [rapeseed, cottonseed, soybean oil], salt), Canola and Olive Oil Blend 90/10 (canola oil, extra virgin olive oil), suya spice blend (Roasted unsalted whole peanuts (peanuts, sunflower and/or cottonseed oil), Smoked Paprika (paprika, silicon dioxide), Dried Crushed Red Pepper Flakes, MSG A JI-NO-Moto (monosodium glutamate), Coarse Flake Kosher Salt (salt, yellow prussiate of soda), Onion Powder (onion powder), Granulated Garlic, Ground White Pepper, Ground Nutmeg, Dried Whole Star Anise, Dried Whole Cloves, Dried Ground Ginger (ginger, sulfur dioxide. Per manufacturer, contains sulfites)), Liquid Chicken Soup Base (chicken broth, yeast extract, salt, sugar, chicken fat, potato starch, contains 2% or less of onion powder, natural flavors), Tap Water"
Latitude (treated as Dining Commons),Friday,Dinner,Yellow,Sweet Potato Fries,"5/16in frozen sweet potatoes (sweet potatoes, vegetable oil [soybean, canola, cottonseed, sunflower], modified food starch. contains less than 2% of sodium acid pyrophosphate, sodium bicarbonate, paprika oleoresin color, rice flour, salt, spice, sugar, xanthan gum), Rice Bran Fryer Oil (NGMO rice bran oil, RDW)"
Latitude (treated as Dining Commons),Friday,Dinner,Blue,Spaghetti alle Vongole,"Frozen precooked whole clams (clams in shell with natural juice), Precooked Spaghetti Pasta (water, enriched durum semolina [durum semolina wheat flour, niacin, ferrous sulfate, thiamin mononitrate, riboflavin, folic acid]), White Cooking Wine (wine, water, neutral spirits, salt, tartaric acid, citric acid, potassium sorbate, potassium metabisulfite, caramel color), Lemon Wedge, Canola and Olive Oil Blend 75/25 (75% canola oil, 25% extra virgin olive oil), Unsalted Butter (pasteurized cream, natural flavoring), Whole Peeled Garlic Cloves, Coarse Flake Kosher Salt (salt, yellow prussiate of soda), Fresh Italian Parsley Sprigs, Dried Crushed Red Pepper Flakes"
Latitude (treated as Dining Commons),Friday,Dinner,Blue,Garlic Loaf,"Parbaked roast garlic bread loaf (unbleached enriched flour [wheat flour, malted barley flour, niacin, reduced iron, thiamin mononitrate, riboflavin, folic acid], water, sour culture, roasted garlic, extra virgin olive oil, salt, garlic, semolina, olive oil, wheat germ, yeast, black pepper)"
Latitude (treated as Dining Commons),Friday,Dinner,Green,Taiwanese Chicken,"Taiwanese chicken drumsticks (Fresh raw halal chicken drumstick, taiwanese marinade (Shaoxing wine (chinese cooking wine) (water, rice, wheat, salt, caramel), Sesame Oil, Regular Soy Sauce (water, soybeans, wheat, salt. Contains less than 1% of sodium benzoate), Tap Water, Vegan Fine Granulated White Sugar, Chopped Ginger, Whole Peeled Garlic Cloves, Dried Whole Chiles de Arbol (dried de-stemmed Arbol peppers), Fresh Thai Basil Leaves, Dried White Sesame Seeds, production, preparation)), Canola and Olive Oil Blend 90/10 (canola oil, extra virgin olive oil), Dried White Sesame Seeds"
Latitude (treated as Dining Commons),Friday,Dinner,Green,Stir-Fried Green Beans,"Fresh whole haricots verts (french green beans), Tap Water, Rice Bran Oil (NGMO rice bran oil, RDW), La-Yu (Rayu Japanese Chili Oil) (cole seed oil, sesame oil, chili spice, paprika), Dried Black and White Sesame Seeds, Coarse Flake Kosher Salt (salt, yellow prussiate of soda)"
Latitude (treated as Dining Commons),Saturday,Dinner,Pink,Breakfast,
Latitude (treated as Dining Commons),Saturday,Dinner,Pink,Lunch,
Latitude (treated as Dining Commons),Saturday,Dinner,Pink,Dinner,
Latitude (treated as Dining Commons),Saturday,Dinner,Pink,Breakfast,
Latitude (treated as Dining Commons),Saturday,Dinner,Pink,Lunch,
Latitude (treated as Dining Commons),Saturday,Dinner,Pink,Dinner,
